,Link,Title,Price,Details,Rating,TItle
0,,,,,,
1,https://www.airbnb.co.in/rooms/8464284?adults=2&check_in=2022-07-20&check_out=2022-07-21&previous_page_section_name=1000&federated_search_id=96b31037-2cbc-418c-8ce3-0105d722c67c,,"₹5,216 per night",1 bed,4.74,Private room in Honolulu
2,https://www.airbnb.co.in/rooms/48506722?adults=2&check_in=2022-07-20&check_out=2022-07-21&previous_page_section_name=1000&federated_search_id=96b31037-2cbc-418c-8ce3-0105d722c67c,,"₹7,612 per night",1 king bed,4.75,Apartment in Honolulu
3,https://www.airbnb.co.in/rooms/29398720?adults=2&check_in=2022-07-20&check_out=2022-07-21&previous_page_section_name=1000&federated_search_id=96b31037-2cbc-418c-8ce3-0105d722c67c,,"₹9,424 per night",1 bed,4.84,Private room in Honolulu
4,https://www.airbnb.co.in/rooms/549387797494551181?adults=2&check_in=2022-07-20&check_out=2022-07-21&previous_page_section_name=1000&federated_search_id=96b31037-2cbc-418c-8ce3-0105d722c67c,,"₹12,512 per night",1 bed,4.23,Hotel room in Honolulu
5,https://www.airbnb.co.in/rooms/48521067?adults=2&check_in=2022-07-20&check_out=2022-07-21&previous_page_section_name=1000&federated_search_id=96b31037-2cbc-418c-8ce3-0105d722c67c,,"₹8,689 per night",2 double beds,4.71,Apartment in Honolulu
6,https://www.airbnb.co.in/rooms/22755502?adults=2&check_in=2022-07-20&check_out=2022-07-21&previous_page_section_name=1000&federated_search_id=96b31037-2cbc-418c-8ce3-0105d722c67c,,"₹9,139 per night",2 beds,4.62,Apartment in Honolulu
7,https://www.airbnb.co.in/rooms/629783776004637274?adults=2&check_in=2022-07-20&check_out=2022-07-21&previous_page_section_name=1000&federated_search_id=96b31037-2cbc-418c-8ce3-0105d722c67c,,"₹9,014 per night, originally ₹12,477",1 queen bed,5.0,Apartment in Honolulu
8,https://www.airbnb.co.in/rooms/12761642?adults=2&check_in=2022-07-20&check_out=2022-07-21&previous_page_section_name=1000&federated_search_id=96b31037-2cbc-418c-8ce3-0105d722c67c,,"₹9,187 per night",1 queen bed,4.75,Private room in Honolulu
9,https://www.airbnb.co.in/rooms/20911438?adults=2&check_in=2022-07-20&check_out=2022-07-21&previous_page_section_name=1000&federated_search_id=96b31037-2cbc-418c-8ce3-0105d722c67c,,"₹10,656 per night",1 queen bed,4.66,Apartment in Honolulu
10,https://www.airbnb.co.in/rooms/54322230?adults=2&check_in=2022-07-20&check_out=2022-07-21&previous_page_section_name=1000&federated_search_id=96b31037-2cbc-418c-8ce3-0105d722c67c,,"₹9,946 per night, originally ₹15,454",2 beds,4.81,Apartment in Honolulu
11,https://www.airbnb.co.in/rooms/38086946?adults=2&check_in=2022-07-20&check_out=2022-07-21&previous_page_section_name=1000&federated_search_id=96b31037-2cbc-418c-8ce3-0105d722c67c,,"₹15,660 per night, originally ₹18,021",1 king bed,4.52,Hotel room in Honolulu
12,https://www.airbnb.co.in/rooms/49083534?adults=2&check_in=2022-07-20&check_out=2022-07-21&previous_page_section_name=1000&federated_search_id=96b31037-2cbc-418c-8ce3-0105d722c67c,,"₹30,084 per night, originally ₹33,546",2 beds,4.92,Villa in Kapolei
13,https://www.airbnb.co.in/rooms/21428179?adults=2&check_in=2022-07-20&check_out=2022-07-21&previous_page_section_name=1000&federated_search_id=96b31037-2cbc-418c-8ce3-0105d722c67c,,"₹10,656 per night",1 bed,4.76,Apartment in Honolulu
14,https://www.airbnb.co.in/rooms/27589791?adults=2&check_in=2022-07-20&check_out=2022-07-21&previous_page_section_name=1000&federated_search_id=96b31037-2cbc-418c-8ce3-0105d722c67c,,"₹10,450 per night",1 bed,4.62,Apartment in Honolulu
15,https://www.airbnb.co.in/rooms/566062926855772058?adults=2&check_in=2022-07-20&check_out=2022-07-21&previous_page_section_name=1000&federated_search_id=96b31037-2cbc-418c-8ce3-0105d722c67c,,"₹12,225 per night",1 queen bed,4.94,Apartment in Honolulu
16,https://www.airbnb.co.in/rooms/551279275838461355?adults=2&check_in=2022-07-20&check_out=2022-07-21&previous_page_section_name=1000&federated_search_id=96b31037-2cbc-418c-8ce3-0105d722c67c,,"₹11,798 per night",1 king bed,5.0,Hotel room in Honolulu
17,https://www.airbnb.co.in/rooms/43237326?adults=2&check_in=2022-07-20&check_out=2022-07-21&previous_page_section_name=1000&federated_search_id=96b31037-2cbc-418c-8ce3-0105d722c67c,,"₹16,447 per night",2 beds,4.48,Hotel room in Honolulu
18,https://www.airbnb.co.in/rooms/611676047114271943?adults=2&check_in=2022-07-20&check_out=2022-07-21&previous_page_section_name=1000&federated_search_id=96b31037-2cbc-418c-8ce3-0105d722c67c,,"₹12,671 per night, originally ₹15,386",2 beds,4.5,Private room in Hauula
19,https://www.airbnb.co.in/rooms/31933839?adults=2&check_in=2022-07-20&check_out=2022-07-21&previous_page_section_name=1000&federated_search_id=96b31037-2cbc-418c-8ce3-0105d722c67c,,"₹12,717 per night, originally ₹18,462",2 beds,4.98,Hotel room in Honolulu
20,https://www.airbnb.co.in/rooms/32816789?adults=2&check_in=2022-07-20&check_out=2022-07-21&previous_page_section_name=1000&federated_search_id=96b31037-2cbc-418c-8ce3-0105d722c67c,,"₹11,648 per night, originally ₹14,088",1 king bed,4.86,Apartment in Honolulu
21,https://www.airbnb.co.in/rooms/550698815747997704?adults=2&check_in=2022-07-20&check_out=2022-07-21&previous_page_section_name=1000&federated_search_id=3187c8c4-2291-4303-bc5a-9a2d453d65ea,,"₹12,336 per night, originally ₹16,271",1 bed,4.75,Apartment in Honolulu
22,https://www.airbnb.co.in/rooms/549405912552758739?adults=2&check_in=2022-07-20&check_out=2022-07-21&previous_page_section_name=1000&federated_search_id=3187c8c4-2291-4303-bc5a-9a2d453d65ea,,"₹12,512 per night",2 beds,4.1,Hotel room in Honolulu
23,https://www.airbnb.co.in/rooms/595218086554749112?adults=2&check_in=2022-07-20&check_out=2022-07-21&previous_page_section_name=1000&federated_search_id=3187c8c4-2291-4303-bc5a-9a2d453d65ea,,"₹32,779 per night",2 beds,5.0,Apartment in Kapolei
24,https://www.airbnb.co.in/rooms/611656303566441178?adults=2&check_in=2022-07-20&check_out=2022-07-21&previous_page_section_name=1000&federated_search_id=3187c8c4-2291-4303-bc5a-9a2d453d65ea,,"₹12,132 per night, originally ₹14,729",2 beds,4.36,Private room in Hauula
25,https://www.airbnb.co.in/rooms/50936658?adults=2&check_in=2022-07-20&check_out=2022-07-21&previous_page_section_name=1000&federated_search_id=3187c8c4-2291-4303-bc5a-9a2d453d65ea,,"₹9,351 per night, originally ₹28,237",3 beds,4.81,Apartment in Honolulu
26,https://www.airbnb.co.in/rooms/41049059?adults=2&check_in=2022-07-20&check_out=2022-07-21&previous_page_section_name=1000&federated_search_id=3187c8c4-2291-4303-bc5a-9a2d453d65ea,,"₹13,192 per night",1 bed,4.87,Flat in Honolulu
27,https://www.airbnb.co.in/rooms/46988727?adults=2&check_in=2022-07-20&check_out=2022-07-21&previous_page_section_name=1000&federated_search_id=3187c8c4-2291-4303-bc5a-9a2d453d65ea,,"₹12,563 per night",1 bed,4.88,Apartment in Honolulu
28,https://www.airbnb.co.in/rooms/49772787?adults=2&check_in=2022-07-20&check_out=2022-07-21&previous_page_section_name=1000&federated_search_id=3187c8c4-2291-4303-bc5a-9a2d453d65ea,,"₹14,581 per night",1 queen bed,4.9,Apartment in Honolulu
29,https://www.airbnb.co.in/rooms/26332505?adults=2&check_in=2022-07-20&check_out=2022-07-21&previous_page_section_name=1000&federated_search_id=3187c8c4-2291-4303-bc5a-9a2d453d65ea,,"₹14,159 per night",1 queen bed,4.29,Private room in Hauula
30,https://www.airbnb.co.in/rooms/44651252?adults=2&check_in=2022-07-20&check_out=2022-07-21&previous_page_section_name=1000&federated_search_id=3187c8c4-2291-4303-bc5a-9a2d453d65ea,,"₹14,244 per night, originally ₹17,392",1 queen bed,4.85,Flat in Honolulu
31,https://www.airbnb.co.in/rooms/628600007697774113?adults=2&check_in=2022-07-20&check_out=2022-07-21&previous_page_section_name=1000&federated_search_id=3187c8c4-2291-4303-bc5a-9a2d453d65ea,,"₹14,231 per night",2 beds,5.0,Apartment in Honolulu
32,https://www.airbnb.co.in/rooms/37535565?adults=2&check_in=2022-07-20&check_out=2022-07-21&previous_page_section_name=1000&federated_search_id=3187c8c4-2291-4303-bc5a-9a2d453d65ea,,"₹10,344 per night, originally ₹13,570",1 queen bed,4.76,Apartment in Honolulu
33,https://www.airbnb.co.in/rooms/54007519?adults=2&check_in=2022-07-20&check_out=2022-07-21&previous_page_section_name=1000&federated_search_id=3187c8c4-2291-4303-bc5a-9a2d453d65ea,,"₹11,708 per night",1 queen bed,4.79,Apartment in Honolulu
34,https://www.airbnb.co.in/rooms/47838034?adults=2&check_in=2022-07-20&check_out=2022-07-21&previous_page_section_name=1000&federated_search_id=3187c8c4-2291-4303-bc5a-9a2d453d65ea,,"₹11,650 per night, originally ₹13,224",1 king bed,4.92,Flat in Honolulu
35,https://www.airbnb.co.in/rooms/48232670?adults=2&check_in=2022-07-20&check_out=2022-07-21&previous_page_section_name=1000&federated_search_id=3187c8c4-2291-4303-bc5a-9a2d453d65ea,,"₹9,532 per night",1 bed,4.63,Apartment in Honolulu
36,https://www.airbnb.co.in/rooms/42895769?adults=2&check_in=2022-07-20&check_out=2022-07-21&previous_page_section_name=1000&federated_search_id=3187c8c4-2291-4303-bc5a-9a2d453d65ea,,"₹14,802 per night",2 beds,4.81,Private room in Waialua
37,https://www.airbnb.co.in/rooms/26063949?adults=2&check_in=2022-07-20&check_out=2022-07-21&previous_page_section_name=1000&federated_search_id=3187c8c4-2291-4303-bc5a-9a2d453d65ea,,"₹16,973 per night, originally ₹18,547",1 king bed,4.56,Hotel room in Honolulu
38,https://www.airbnb.co.in/rooms/34794870?adults=2&check_in=2022-07-20&check_out=2022-07-21&previous_page_section_name=1000&federated_search_id=3187c8c4-2291-4303-bc5a-9a2d453d65ea,,"₹11,113 per night",1 queen bed,4.63,Flat in Honolulu
39,https://www.airbnb.co.in/rooms/47202899?adults=2&check_in=2022-07-20&check_out=2022-07-21&previous_page_section_name=1000&federated_search_id=3187c8c4-2291-4303-bc5a-9a2d453d65ea,,"₹11,956 per night, originally ₹13,530",2 beds,4.42,Apartment in Honolulu
40,https://www.airbnb.co.in/rooms/614598780444759854?adults=2&check_in=2022-07-20&check_out=2022-07-21&previous_page_section_name=1000&federated_search_id=3187c8c4-2291-4303-bc5a-9a2d453d65ea,,"₹17,512 per night, originally ₹19,872",1 bed,4.83,Flat in Hauula
41,https://www.airbnb.co.in/rooms/547262530563127251?adults=2&check_in=2022-07-20&check_out=2022-07-21&previous_page_section_name=1000&federated_search_id=7d786045-5d52-42da-bc9c-7cde516f3ea0,,"₹12,841 per night, originally ₹14,415",1 queen bed,4.92,Apartment in Honolulu
42,https://www.airbnb.co.in/rooms/29599452?adults=2&check_in=2022-07-20&check_out=2022-07-21&previous_page_section_name=1000&federated_search_id=7d786045-5d52-42da-bc9c-7cde516f3ea0,,"₹14,385 per night, originally ₹17,139",1 queen bed,4.74,Apartment in Honolulu
43,https://www.airbnb.co.in/rooms/39514622?adults=2&check_in=2022-07-20&check_out=2022-07-21&previous_page_section_name=1000&federated_search_id=7d786045-5d52-42da-bc9c-7cde516f3ea0,,"₹11,200 per night, originally ₹13,561",1 queen bed,4.75,Flat in Honolulu
44,https://www.airbnb.co.in/rooms/13436885?adults=2&check_in=2022-07-20&check_out=2022-07-21&previous_page_section_name=1000&federated_search_id=7d786045-5d52-42da-bc9c-7cde516f3ea0,,"₹19,350 per night",1 queen bed,4.96,Flat in Honolulu
45,https://www.airbnb.co.in/rooms/15818027?adults=2&check_in=2022-07-20&check_out=2022-07-21&previous_page_section_name=1000&federated_search_id=7d786045-5d52-42da-bc9c-7cde516f3ea0,,"₹13,457 per night",1 queen bed,4.82,Apartment in Honolulu
46,https://www.airbnb.co.in/rooms/16348150?adults=2&check_in=2022-07-20&check_out=2022-07-21&previous_page_section_name=1000&federated_search_id=7d786045-5d52-42da-bc9c-7cde516f3ea0,,"₹13,123 per night, originally ₹15,248",2 beds,4.88,Apartment in Honolulu
47,https://www.airbnb.co.in/rooms/49660056?adults=2&check_in=2022-07-20&check_out=2022-07-21&previous_page_section_name=1000&federated_search_id=7d786045-5d52-42da-bc9c-7cde516f3ea0,,"₹9,224 per night",1 queen bed,4.57,Flat in Honolulu
48,https://www.airbnb.co.in/rooms/51772206?adults=2&check_in=2022-07-20&check_out=2022-07-21&previous_page_section_name=1000&federated_search_id=7d786045-5d52-42da-bc9c-7cde516f3ea0,,"₹13,838 per night, originally ₹23,478",2 beds,4.67,Apartment in Honolulu
49,https://www.airbnb.co.in/rooms/551035820993150942?adults=2&check_in=2022-07-20&check_out=2022-07-21&previous_page_section_name=1000&federated_search_id=7d786045-5d52-42da-bc9c-7cde516f3ea0,,"₹14,437 per night",1 bed,4.67,Apartment in Honolulu
50,https://www.airbnb.co.in/rooms/44702263?adults=2&check_in=2022-07-20&check_out=2022-07-21&previous_page_section_name=1000&federated_search_id=7d786045-5d52-42da-bc9c-7cde516f3ea0,,"₹17,398 per night",2 beds,4.96,Guest house in Ewa Beach
51,https://www.airbnb.co.in/rooms/46839098?adults=2&check_in=2022-07-20&check_out=2022-07-21&previous_page_section_name=1000&federated_search_id=7d786045-5d52-42da-bc9c-7cde516f3ea0,,"₹12,957 per night",1 bed,4.92,Campervan/Motorhome in Aiea
52,https://www.airbnb.co.in/rooms/54265596?adults=2&check_in=2022-07-20&check_out=2022-07-21&previous_page_section_name=1000&federated_search_id=7d786045-5d52-42da-bc9c-7cde516f3ea0,,"₹17,512 per night",2 beds,4.88,Hotel room in Honolulu
53,https://www.airbnb.co.in/rooms/47203116?adults=2&check_in=2022-07-20&check_out=2022-07-21&previous_page_section_name=1000&federated_search_id=7d786045-5d52-42da-bc9c-7cde516f3ea0,,"₹10,216 per night, originally ₹12,892",2 beds,4.64,Apartment in Honolulu
54,https://www.airbnb.co.in/rooms/34749923?adults=2&check_in=2022-07-20&check_out=2022-07-21&previous_page_section_name=1000&federated_search_id=7d786045-5d52-42da-bc9c-7cde516f3ea0,,"₹17,234 per night",1 queen bed,4.37,Hotel room in Honolulu
55,https://www.airbnb.co.in/rooms/548207362764055243?adults=2&check_in=2022-07-20&check_out=2022-07-21&previous_page_section_name=1000&federated_search_id=7d786045-5d52-42da-bc9c-7cde516f3ea0,,"₹12,785 per night",1 bed,5.0,Apartment in Honolulu
56,https://www.airbnb.co.in/rooms/39445028?adults=2&check_in=2022-07-20&check_out=2022-07-21&previous_page_section_name=1000&federated_search_id=7d786045-5d52-42da-bc9c-7cde516f3ea0,,"₹11,647 per night",1 queen bed,4.36,Hotel room in Honolulu
57,https://www.airbnb.co.in/rooms/52371280?adults=2&check_in=2022-07-20&check_out=2022-07-21&previous_page_section_name=1000&federated_search_id=7d786045-5d52-42da-bc9c-7cde516f3ea0,,"₹13,937 per night, originally ₹25,742",2 beds,5.0,Apartment in Honolulu
58,https://www.airbnb.co.in/rooms/50897977?adults=2&check_in=2022-07-20&check_out=2022-07-21&previous_page_section_name=1000&federated_search_id=7d786045-5d52-42da-bc9c-7cde516f3ea0,,"₹12,512 per night",1 king bed,4.29,Hotel room in Honolulu
59,https://www.airbnb.co.in/rooms/9150540?adults=2&check_in=2022-07-20&check_out=2022-07-21&previous_page_section_name=1000&federated_search_id=7d786045-5d52-42da-bc9c-7cde516f3ea0,,"₹9,663 per night",1 queen bed,4.82,Apartment in Honolulu
60,https://www.airbnb.co.in/rooms/630730291575194376?adults=2&check_in=2022-07-20&check_out=2022-07-21&previous_page_section_name=1000&federated_search_id=7d786045-5d52-42da-bc9c-7cde516f3ea0,,"₹12,260 per night",1 bed,New,Apartment in Honolulu
61,https://www.airbnb.co.in/rooms/614598780444759854?adults=2&check_in=2022-07-20&check_out=2022-07-21&previous_page_section_name=1000&federated_search_id=b0288b2d-4486-4cad-9cb8-3a42023443bf,,"₹17,512 per night, originally ₹19,872",1 bed,4.83,Flat in Hauula
62,https://www.airbnb.co.in/rooms/53178294?adults=2&check_in=2022-07-20&check_out=2022-07-21&previous_page_section_name=1000&federated_search_id=b0288b2d-4486-4cad-9cb8-3a42023443bf,,"₹18,908 per night, originally ₹26,122",2 beds,4.75,Apartment in Honolulu
63,https://www.airbnb.co.in/rooms/559385787207185231?adults=2&check_in=2022-07-20&check_out=2022-07-21&previous_page_section_name=1000&federated_search_id=b0288b2d-4486-4cad-9cb8-3a42023443bf,,"₹11,267 per night",2 beds,3.38,Apartment in Honolulu
64,https://www.airbnb.co.in/rooms/51088363?adults=2&check_in=2022-07-20&check_out=2022-07-21&previous_page_section_name=1000&federated_search_id=b0288b2d-4486-4cad-9cb8-3a42023443bf,,"₹23,613 per night",2 beds,4.88,Apartment in Honolulu
65,https://www.airbnb.co.in/rooms/46834094?adults=2&check_in=2022-07-20&check_out=2022-07-21&previous_page_section_name=1000&federated_search_id=b0288b2d-4486-4cad-9cb8-3a42023443bf,,"₹18,003 per night",1 king bed,4.96,Flat in Honolulu
66,https://www.airbnb.co.in/rooms/46976405?adults=2&check_in=2022-07-20&check_out=2022-07-21&previous_page_section_name=1000&federated_search_id=b0288b2d-4486-4cad-9cb8-3a42023443bf,,"₹11,909 per night",3 beds,4.7,Apartment in Honolulu
67,https://www.airbnb.co.in/rooms/47359226?adults=2&check_in=2022-07-20&check_out=2022-07-21&previous_page_section_name=1000&federated_search_id=b0288b2d-4486-4cad-9cb8-3a42023443bf,,"₹13,737 per night, originally ₹15,862",3 beds,4.87,Apartment in Honolulu
68,https://www.airbnb.co.in/rooms/623250535266554668?adults=2&check_in=2022-07-20&check_out=2022-07-21&previous_page_section_name=1000&federated_search_id=b0288b2d-4486-4cad-9cb8-3a42023443bf,,"₹15,304 per night, originally ₹20,813",2 beds,5.0,Apartment in Honolulu
69,https://www.airbnb.co.in/rooms/49130811?adults=2&check_in=2022-07-20&check_out=2022-07-21&previous_page_section_name=1000&federated_search_id=b0288b2d-4486-4cad-9cb8-3a42023443bf,,"₹16,075 per night, originally ₹17,649",1 queen bed,4.61,Hotel room in Honolulu
70,https://www.airbnb.co.in/rooms/17318804?adults=2&check_in=2022-07-20&check_out=2022-07-21&previous_page_section_name=1000&federated_search_id=b0288b2d-4486-4cad-9cb8-3a42023443bf,,"₹14,415 per night",1 bed,4.6,Hotel room in Honolulu
71,https://www.airbnb.co.in/rooms/43237567?adults=2&check_in=2022-07-20&check_out=2022-07-21&previous_page_section_name=1000&federated_search_id=b0288b2d-4486-4cad-9cb8-3a42023443bf,,"₹19,595 per night",2 beds,4.82,Hotel room in Honolulu
72,https://www.airbnb.co.in/rooms/16518348?adults=2&check_in=2022-07-20&check_out=2022-07-21&previous_page_section_name=1000&federated_search_id=b0288b2d-4486-4cad-9cb8-3a42023443bf,,"₹16,288 per night",1 queen bed,4.88,Apartment in Honolulu
73,https://www.airbnb.co.in/rooms/29599452?adults=2&check_in=2022-07-20&check_out=2022-07-21&previous_page_section_name=1000&federated_search_id=b0288b2d-4486-4cad-9cb8-3a42023443bf,,"₹14,385 per night, originally ₹17,139",1 queen bed,4.74,Apartment in Honolulu
74,https://www.airbnb.co.in/rooms/551035820993150942?adults=2&check_in=2022-07-20&check_out=2022-07-21&previous_page_section_name=1000&federated_search_id=b0288b2d-4486-4cad-9cb8-3a42023443bf,,"₹14,437 per night",1 bed,4.67,Apartment in Honolulu
75,https://www.airbnb.co.in/rooms/28642163?adults=2&check_in=2022-07-20&check_out=2022-07-21&previous_page_section_name=1000&federated_search_id=b0288b2d-4486-4cad-9cb8-3a42023443bf,,"₹13,583 per night, originally ₹14,606",1 queen bed,4.36,Apartment in Honolulu
76,https://www.airbnb.co.in/rooms/547262530563127251?adults=2&check_in=2022-07-20&check_out=2022-07-21&previous_page_section_name=1000&federated_search_id=b0288b2d-4486-4cad-9cb8-3a42023443bf,,"₹12,841 per night, originally ₹14,415",1 queen bed,4.92,Apartment in Honolulu
77,https://www.airbnb.co.in/rooms/548692423662210825?adults=2&check_in=2022-07-20&check_out=2022-07-21&previous_page_section_name=1000&federated_search_id=b0288b2d-4486-4cad-9cb8-3a42023443bf,,"₹18,971 per night",1 king bed,4.93,Apartment in Honolulu
78,https://www.airbnb.co.in/rooms/49656026?adults=2&check_in=2022-07-20&check_out=2022-07-21&previous_page_section_name=1000&federated_search_id=b0288b2d-4486-4cad-9cb8-3a42023443bf,,"₹11,011 per night",2 beds,4.69,Flat in Honolulu
79,https://www.airbnb.co.in/rooms/548207362764055243?adults=2&check_in=2022-07-20&check_out=2022-07-21&previous_page_section_name=1000&federated_search_id=b0288b2d-4486-4cad-9cb8-3a42023443bf,,"₹12,785 per night",1 bed,5.0,Apartment in Honolulu
80,https://www.airbnb.co.in/rooms/25144659?adults=2&check_in=2022-07-20&check_out=2022-07-21&previous_page_section_name=1000&federated_search_id=b0288b2d-4486-4cad-9cb8-3a42023443bf,,"₹12,863 per night",2 beds,4.92,Apartment in Honolulu
81,https://www.airbnb.co.in/rooms/546106714814043926?adults=2&check_in=2022-07-20&check_out=2022-07-21&previous_page_section_name=1000&federated_search_id=045aaf5a-c9e7-4828-b5b5-78e932fc2bb0,,"₹21,278 per night, originally ₹23,560",1 king bed,5.0,Apartment in Honolulu
82,https://www.airbnb.co.in/rooms/645494231327728554?adults=2&check_in=2022-07-20&check_out=2022-07-21&previous_page_section_name=1000&federated_search_id=045aaf5a-c9e7-4828-b5b5-78e932fc2bb0,,"₹15,536 per night",1 bed,New,Hotel room in Honolulu
83,https://www.airbnb.co.in/rooms/51088363?adults=2&check_in=2022-07-20&check_out=2022-07-21&previous_page_section_name=1000&federated_search_id=045aaf5a-c9e7-4828-b5b5-78e932fc2bb0,,"₹23,613 per night",2 beds,4.88,Apartment in Honolulu
84,https://www.airbnb.co.in/rooms/630730291575194376?adults=2&check_in=2022-07-20&check_out=2022-07-21&previous_page_section_name=1000&federated_search_id=045aaf5a-c9e7-4828-b5b5-78e932fc2bb0,,"₹12,260 per night",1 bed,New,Apartment in Honolulu
85,https://www.airbnb.co.in/rooms/35679350?adults=2&check_in=2022-07-20&check_out=2022-07-21&previous_page_section_name=1000&federated_search_id=045aaf5a-c9e7-4828-b5b5-78e932fc2bb0,,"₹13,937 per night",3 beds,4.61,Apartment in Honolulu
86,https://www.airbnb.co.in/rooms/17256082?adults=2&check_in=2022-07-20&check_out=2022-07-21&previous_page_section_name=1000&federated_search_id=045aaf5a-c9e7-4828-b5b5-78e932fc2bb0,,"₹12,235 per night",2 beds,4.76,Apartment in Honolulu
87,https://www.airbnb.co.in/rooms/43237453?adults=2&check_in=2022-07-20&check_out=2022-07-21&previous_page_section_name=1000&federated_search_id=045aaf5a-c9e7-4828-b5b5-78e932fc2bb0,,"₹16,841 per night",3 beds,4.34,Hotel room in Honolulu
88,https://www.airbnb.co.in/rooms/39221599?adults=2&check_in=2022-07-20&check_out=2022-07-21&previous_page_section_name=1000&federated_search_id=045aaf5a-c9e7-4828-b5b5-78e932fc2bb0,,"₹16,219 per night",1 double bed,New,Hotel room in Honolulu
89,https://www.airbnb.co.in/rooms/6317193?adults=2&check_in=2022-07-20&check_out=2022-07-21&previous_page_section_name=1000&federated_search_id=045aaf5a-c9e7-4828-b5b5-78e932fc2bb0,,"₹18,277 per night",2 beds,4.93,Apartment in Honolulu
90,https://www.airbnb.co.in/rooms/46834094?adults=2&check_in=2022-07-20&check_out=2022-07-21&previous_page_section_name=1000&federated_search_id=045aaf5a-c9e7-4828-b5b5-78e932fc2bb0,,"₹18,003 per night",1 king bed,4.96,Flat in Honolulu
91,https://www.airbnb.co.in/rooms/3204840?adults=2&check_in=2022-07-20&check_out=2022-07-21&previous_page_section_name=1000&federated_search_id=045aaf5a-c9e7-4828-b5b5-78e932fc2bb0,,"₹13,179 per night",2 beds,4.37,Apartment in Honolulu
92,https://www.airbnb.co.in/rooms/42051017?adults=2&check_in=2022-07-20&check_out=2022-07-21&previous_page_section_name=1000&federated_search_id=045aaf5a-c9e7-4828-b5b5-78e932fc2bb0,,"₹38,526 per night",2 beds,4.97,Resort in Kapolei
93,https://www.airbnb.co.in/rooms/49343058?adults=2&check_in=2022-07-20&check_out=2022-07-21&previous_page_section_name=1000&federated_search_id=045aaf5a-c9e7-4828-b5b5-78e932fc2bb0,,"₹11,798 per night",1 queen bed,4.61,Apartment in Honolulu
94,https://www.airbnb.co.in/rooms/46839098?adults=2&check_in=2022-07-20&check_out=2022-07-21&previous_page_section_name=1000&federated_search_id=045aaf5a-c9e7-4828-b5b5-78e932fc2bb0,,"₹12,957 per night",1 bed,4.92,Campervan/Motorhome in Aiea
95,https://www.airbnb.co.in/rooms/15677743?adults=2&check_in=2022-07-20&check_out=2022-07-21&previous_page_section_name=1000&federated_search_id=045aaf5a-c9e7-4828-b5b5-78e932fc2bb0,,"₹16,199 per night",2 beds,4.62,Apartment in Honolulu
96,https://www.airbnb.co.in/rooms/42595738?adults=2&check_in=2022-07-20&check_out=2022-07-21&previous_page_section_name=1000&federated_search_id=045aaf5a-c9e7-4828-b5b5-78e932fc2bb0,,"₹11,211 per night, originally ₹15,323",1 queen bed,4.85,Apartment in Honolulu
97,https://www.airbnb.co.in/rooms/583263716088467661?adults=2&check_in=2022-07-20&check_out=2022-07-21&previous_page_section_name=1000&federated_search_id=045aaf5a-c9e7-4828-b5b5-78e932fc2bb0,,"₹27,427 per night",2 beds,5.0,Apartment in Honolulu
98,https://www.airbnb.co.in/rooms/49712614?adults=2&check_in=2022-07-20&check_out=2022-07-21&previous_page_section_name=1000&federated_search_id=045aaf5a-c9e7-4828-b5b5-78e932fc2bb0,,"₹27,031 per night, originally ₹31,320",1 bed,4.76,Resort in Honolulu
99,https://www.airbnb.co.in/rooms/49353533?adults=2&check_in=2022-07-20&check_out=2022-07-21&previous_page_section_name=1000&federated_search_id=045aaf5a-c9e7-4828-b5b5-78e932fc2bb0,,"₹14,437 per night",1 king bed,4.6,Apartment in Honolulu
100,https://www.airbnb.co.in/rooms/643428511073319825?adults=2&check_in=2022-07-20&check_out=2022-07-21&previous_page_section_name=1000&federated_search_id=045aaf5a-c9e7-4828-b5b5-78e932fc2bb0,,"₹15,556 per night",2 beds,New,Apartment in Honolulu
101,https://www.airbnb.co.in/rooms/50897977?adults=2&check_in=2022-07-20&check_out=2022-07-21&previous_page_section_name=1000&federated_search_id=fccfcea9-0c4b-4493-9198-1567bdb85638,,"₹12,512 per night",1 king bed,4.29,Hotel room in Honolulu
102,https://www.airbnb.co.in/rooms/32472609?adults=2&check_in=2022-07-20&check_out=2022-07-21&previous_page_section_name=1000&federated_search_id=fccfcea9-0c4b-4493-9198-1567bdb85638,,"₹27,399 per night",1 king bed,New,Hotel room in Honolulu
103,https://www.airbnb.co.in/rooms/49122456?adults=2&check_in=2022-07-20&check_out=2022-07-21&previous_page_section_name=1000&federated_search_id=fccfcea9-0c4b-4493-9198-1567bdb85638,,"₹19,852 per night, originally ₹27,820",2 beds,4.88,Apartment in Honolulu
104,https://www.airbnb.co.in/rooms/16518348?adults=2&check_in=2022-07-20&check_out=2022-07-21&previous_page_section_name=1000&federated_search_id=fccfcea9-0c4b-4493-9198-1567bdb85638,,"₹16,288 per night",1 queen bed,4.88,Apartment in Honolulu
105,https://www.airbnb.co.in/rooms/638854306099846425?adults=2&check_in=2022-07-20&check_out=2022-07-21&previous_page_section_name=1000&federated_search_id=fccfcea9-0c4b-4493-9198-1567bdb85638,,"₹4,422 per night, originally ₹5,367",1 bed,New,Tent in Honolulu
106,https://www.airbnb.co.in/rooms/44117757?adults=2&check_in=2022-07-20&check_out=2022-07-21&previous_page_section_name=1000&federated_search_id=fccfcea9-0c4b-4493-9198-1567bdb85638,,"₹17,942 per night, originally ₹31,242",1 king bed,4.88,Apartment in Honolulu
107,https://www.airbnb.co.in/rooms/32406742?adults=2&check_in=2022-07-20&check_out=2022-07-21&previous_page_section_name=1000&federated_search_id=fccfcea9-0c4b-4493-9198-1567bdb85638,,"₹25,056 per night",1 king bed,4.8,Hotel room in Honolulu
108,https://www.airbnb.co.in/rooms/51172210?adults=2&check_in=2022-07-20&check_out=2022-07-21&previous_page_section_name=1000&federated_search_id=fccfcea9-0c4b-4493-9198-1567bdb85638,,"₹10,951 per night",1 bed,4.64,Hotel room in Honolulu
109,https://www.airbnb.co.in/rooms/503548597774471360?adults=2&check_in=2022-07-20&check_out=2022-07-21&previous_page_section_name=1000&federated_search_id=fccfcea9-0c4b-4493-9198-1567bdb85638,,"₹21,761 per night",2 beds,4.93,Flat in Honolulu
110,https://www.airbnb.co.in/rooms/37892981?adults=2&check_in=2022-07-20&check_out=2022-07-21&previous_page_section_name=1000&federated_search_id=fccfcea9-0c4b-4493-9198-1567bdb85638,,"₹19,529 per night",1 bed,4.88,Apartment in Hauula
111,https://www.airbnb.co.in/rooms/40309506?adults=2&check_in=2022-07-20&check_out=2022-07-21&previous_page_section_name=1000&federated_search_id=fccfcea9-0c4b-4493-9198-1567bdb85638,,"₹20,382 per night",2 single beds,4.25,Hotel room in Honolulu
112,https://www.airbnb.co.in/rooms/577239079877565213?adults=2&check_in=2022-07-20&check_out=2022-07-21&previous_page_section_name=1000&federated_search_id=fccfcea9-0c4b-4493-9198-1567bdb85638,,"₹12,199 per night, originally ₹15,426",1 bed,5.0,Apartment in Honolulu
113,https://www.airbnb.co.in/rooms/51962027?adults=2&check_in=2022-07-20&check_out=2022-07-21&previous_page_section_name=1000&federated_search_id=fccfcea9-0c4b-4493-9198-1567bdb85638,,"₹25,056 per night",1 king bed,4.65,Flat in Honolulu
114,https://www.airbnb.co.in/rooms/44661650?adults=2&check_in=2022-07-20&check_out=2022-07-21&previous_page_section_name=1000&federated_search_id=fccfcea9-0c4b-4493-9198-1567bdb85638,,"₹12,696 per night",1 queen bed,4.74,Apartment in Honolulu
115,https://www.airbnb.co.in/rooms/43237652?adults=2&check_in=2022-07-20&check_out=2022-07-21&previous_page_section_name=1000&federated_search_id=fccfcea9-0c4b-4493-9198-1567bdb85638,,"₹19,988 per night",3 beds,4.43,Hotel room in Honolulu
116,https://www.airbnb.co.in/rooms/549408160897298608?adults=2&check_in=2022-07-20&check_out=2022-07-21&previous_page_section_name=1000&federated_search_id=fccfcea9-0c4b-4493-9198-1567bdb85638,,"₹17,549 per night",2 beds,4.67,Hotel room in Honolulu
117,https://www.airbnb.co.in/rooms/37254265?adults=2&check_in=2022-07-20&check_out=2022-07-21&previous_page_section_name=1000&federated_search_id=fccfcea9-0c4b-4493-9198-1567bdb85638,,"₹16,152 per night",2 beds,4.71,Apartment in Honolulu
118,https://www.airbnb.co.in/rooms/645496906481466102?adults=2&check_in=2022-07-20&check_out=2022-07-21&previous_page_section_name=1000&federated_search_id=fccfcea9-0c4b-4493-9198-1567bdb85638,,"₹18,679 per night",1 bed,New,Hotel room in Honolulu
119,https://www.airbnb.co.in/rooms/598699132895948627?adults=2&check_in=2022-07-20&check_out=2022-07-21&previous_page_section_name=1000&federated_search_id=fccfcea9-0c4b-4493-9198-1567bdb85638,,"₹18,808 per night",1 bed,New,Hotel room in Honolulu
120,https://www.airbnb.co.in/rooms/552890690810746498?adults=2&check_in=2022-07-20&check_out=2022-07-21&previous_page_section_name=1000&federated_search_id=fccfcea9-0c4b-4493-9198-1567bdb85638,,"₹18,702 per night",2 beds,4.71,Apartment in Honolulu
121,https://www.airbnb.co.in/rooms/51641120?adults=2&check_in=2022-07-20&check_out=2022-07-21&previous_page_section_name=1000&federated_search_id=84fb54d9-26c5-4ffa-a27c-70413c66756c,,"₹15,945 per night, originally ₹17,519",1 bed,5.0,Flat in Honolulu
122,https://www.airbnb.co.in/rooms/52245462?adults=2&check_in=2022-07-20&check_out=2022-07-21&previous_page_section_name=1000&federated_search_id=84fb54d9-26c5-4ffa-a27c-70413c66756c,,"₹20,116 per night",2 beds,New,Hotel room in Honolulu
123,https://www.airbnb.co.in/rooms/3761678?adults=2&check_in=2022-07-20&check_out=2022-07-21&previous_page_section_name=1000&federated_search_id=84fb54d9-26c5-4ffa-a27c-70413c66756c,,"₹18,618 per night",1 bed,4.82,Guest suite in Waialua
124,https://www.airbnb.co.in/rooms/39221599?adults=2&check_in=2022-07-20&check_out=2022-07-21&previous_page_section_name=1000&federated_search_id=84fb54d9-26c5-4ffa-a27c-70413c66756c,,"₹16,219 per night",1 double bed,New,Hotel room in Honolulu
125,https://www.airbnb.co.in/rooms/52137133?adults=2&check_in=2022-07-20&check_out=2022-07-21&previous_page_section_name=1000&federated_search_id=84fb54d9-26c5-4ffa-a27c-70413c66756c,,"₹20,661 per night, originally ₹28,983",1 king bed,4.75,Apartment in Honolulu
126,https://www.airbnb.co.in/rooms/553911579414261753?adults=2&check_in=2022-07-20&check_out=2022-07-21&previous_page_section_name=1000&federated_search_id=84fb54d9-26c5-4ffa-a27c-70413c66756c,,"₹11,716 per night, originally ₹14,313",1 bed,4.92,Apartment in Honolulu
127,https://www.airbnb.co.in/rooms/52285278?adults=2&check_in=2022-07-20&check_out=2022-07-21&previous_page_section_name=1000&federated_search_id=84fb54d9-26c5-4ffa-a27c-70413c66756c,,"₹13,937 per night",2 beds,4.73,Apartment in Honolulu
128,https://www.airbnb.co.in/rooms/577239079877565213?adults=2&check_in=2022-07-20&check_out=2022-07-21&previous_page_section_name=1000&federated_search_id=84fb54d9-26c5-4ffa-a27c-70413c66756c,,"₹12,199 per night, originally ₹15,426",1 bed,5.0,Apartment in Honolulu
129,https://www.airbnb.co.in/rooms/651710463009144361?adults=2&check_in=2022-07-20&check_out=2022-07-21&previous_page_section_name=1000&federated_search_id=84fb54d9-26c5-4ffa-a27c-70413c66756c,,"₹18,819 per night",3 beds,New,Flat in Honolulu
130,https://www.airbnb.co.in/rooms/40309506?adults=2&check_in=2022-07-20&check_out=2022-07-21&previous_page_section_name=1000&federated_search_id=84fb54d9-26c5-4ffa-a27c-70413c66756c,,"₹20,382 per night",2 single beds,4.25,Hotel room in Honolulu
131,https://www.airbnb.co.in/rooms/43237652?adults=2&check_in=2022-07-20&check_out=2022-07-21&previous_page_section_name=1000&federated_search_id=84fb54d9-26c5-4ffa-a27c-70413c66756c,,"₹19,988 per night",3 beds,4.43,Hotel room in Honolulu
132,https://www.airbnb.co.in/rooms/32406742?adults=2&check_in=2022-07-20&check_out=2022-07-21&previous_page_section_name=1000&federated_search_id=84fb54d9-26c5-4ffa-a27c-70413c66756c,,"₹25,056 per night",1 king bed,4.8,Hotel room in Honolulu
133,https://www.airbnb.co.in/rooms/53521436?adults=2&check_in=2022-07-20&check_out=2022-07-21&previous_page_section_name=1000&federated_search_id=84fb54d9-26c5-4ffa-a27c-70413c66756c,,"₹18,614 per night",2 beds,5.0,Apartment in Honolulu
134,https://www.airbnb.co.in/rooms/21278958?adults=2&check_in=2022-07-20&check_out=2022-07-21&previous_page_section_name=1000&federated_search_id=84fb54d9-26c5-4ffa-a27c-70413c66756c,,"₹16,702 per night",1 king bed,4.84,Private room in Waialua
135,https://www.airbnb.co.in/rooms/40541582?adults=2&check_in=2022-07-20&check_out=2022-07-21&previous_page_section_name=1000&federated_search_id=84fb54d9-26c5-4ffa-a27c-70413c66756c,,"₹25,303 per night",2 beds,4.84,Guest suite in Hauula
136,https://www.airbnb.co.in/rooms/614764789124426525?adults=2&check_in=2022-07-20&check_out=2022-07-21&previous_page_section_name=1000&federated_search_id=84fb54d9-26c5-4ffa-a27c-70413c66756c,,"₹25,127 per night, originally ₹30,660",2 beds,New,Apartment in Honolulu
137,https://www.airbnb.co.in/rooms/13849722?adults=2&check_in=2022-07-20&check_out=2022-07-21&previous_page_section_name=1000&federated_search_id=84fb54d9-26c5-4ffa-a27c-70413c66756c,,"₹14,175 per night",2 queen beds,4.7,Flat in Honolulu
138,https://www.airbnb.co.in/rooms/49178354?adults=2&check_in=2022-07-20&check_out=2022-07-21&previous_page_section_name=1000&federated_search_id=84fb54d9-26c5-4ffa-a27c-70413c66756c,,"₹14,914 per night, originally ₹16,488",1 bed,4.71,Apartment in Honolulu
139,https://www.airbnb.co.in/rooms/653931820194196445?adults=2&check_in=2022-07-20&check_out=2022-07-21&previous_page_section_name=1000&federated_search_id=84fb54d9-26c5-4ffa-a27c-70413c66756c,,"₹10,434 per night",1 bed,New,Campervan/Motorhome in Honolulu
140,https://www.airbnb.co.in/rooms/36903681?adults=2&check_in=2022-07-20&check_out=2022-07-21&previous_page_section_name=1000&federated_search_id=84fb54d9-26c5-4ffa-a27c-70413c66756c,,"₹15,177 per night",1 double bed,4.71,Campervan/Motorhome in Ewa Beach
141,https://www.airbnb.co.in/rooms/653931820194196445?adults=2&check_in=2022-07-20&check_out=2022-07-21&previous_page_section_name=1000&federated_search_id=45eb37d6-02fa-45d7-b3bd-bd4daf9f06fd,,"₹10,434 per night",1 bed,New,Campervan/Motorhome in Honolulu
142,https://www.airbnb.co.in/rooms/638854306099846425?adults=2&check_in=2022-07-20&check_out=2022-07-21&previous_page_section_name=1000&federated_search_id=45eb37d6-02fa-45d7-b3bd-bd4daf9f06fd,,"₹4,422 per night, originally ₹5,367",1 bed,New,Tent in Honolulu
143,https://www.airbnb.co.in/rooms/32640016?adults=2&check_in=2022-07-20&check_out=2022-07-21&previous_page_section_name=1000&federated_search_id=45eb37d6-02fa-45d7-b3bd-bd4daf9f06fd,,"₹18,568 per night",1 king bed,4.74,Apartment in Honolulu
144,https://www.airbnb.co.in/rooms/53521436?adults=2&check_in=2022-07-20&check_out=2022-07-21&previous_page_section_name=1000&federated_search_id=45eb37d6-02fa-45d7-b3bd-bd4daf9f06fd,,"₹18,614 per night",2 beds,5.0,Apartment in Honolulu
145,https://www.airbnb.co.in/rooms/49255448?adults=2&check_in=2022-07-20&check_out=2022-07-21&previous_page_section_name=1000&federated_search_id=45eb37d6-02fa-45d7-b3bd-bd4daf9f06fd,,"₹20,509 per night",2 beds,4.67,Apartment in Honolulu
146,https://www.airbnb.co.in/rooms/51641120?adults=2&check_in=2022-07-20&check_out=2022-07-21&previous_page_section_name=1000&federated_search_id=45eb37d6-02fa-45d7-b3bd-bd4daf9f06fd,,"₹15,945 per night, originally ₹17,519",1 bed,5.0,Flat in Honolulu
147,https://www.airbnb.co.in/rooms/12874040?adults=2&check_in=2022-07-20&check_out=2022-07-21&previous_page_section_name=1000&federated_search_id=45eb37d6-02fa-45d7-b3bd-bd4daf9f06fd,,"₹13,235 per night",1 queen bed,4.36,Flat in Honolulu
148,https://www.airbnb.co.in/rooms/52285278?adults=2&check_in=2022-07-20&check_out=2022-07-21&previous_page_section_name=1000&federated_search_id=45eb37d6-02fa-45d7-b3bd-bd4daf9f06fd,,"₹13,937 per night",2 beds,4.73,Apartment in Honolulu
149,https://www.airbnb.co.in/rooms/49178354?adults=2&check_in=2022-07-20&check_out=2022-07-21&previous_page_section_name=1000&federated_search_id=45eb37d6-02fa-45d7-b3bd-bd4daf9f06fd,,"₹14,914 per night, originally ₹16,488",1 bed,4.71,Apartment in Honolulu
150,https://www.airbnb.co.in/rooms/37362351?adults=2&check_in=2022-07-20&check_out=2022-07-21&previous_page_section_name=1000&federated_search_id=45eb37d6-02fa-45d7-b3bd-bd4daf9f06fd,,"₹21,489 per night",2 beds,4.82,Home in Hauula
151,https://www.airbnb.co.in/rooms/50399838?adults=2&check_in=2022-07-20&check_out=2022-07-21&previous_page_section_name=1000&federated_search_id=45eb37d6-02fa-45d7-b3bd-bd4daf9f06fd,,"₹22,243 per night",2 double beds,4.56,Apartment in Honolulu
152,https://www.airbnb.co.in/rooms/21278958?adults=2&check_in=2022-07-20&check_out=2022-07-21&previous_page_section_name=1000&federated_search_id=45eb37d6-02fa-45d7-b3bd-bd4daf9f06fd,,"₹16,702 per night",1 king bed,4.84,Private room in Waialua
153,https://www.airbnb.co.in/rooms/13849722?adults=2&check_in=2022-07-20&check_out=2022-07-21&previous_page_section_name=1000&federated_search_id=45eb37d6-02fa-45d7-b3bd-bd4daf9f06fd,,"₹14,175 per night",2 queen beds,4.7,Flat in Honolulu
154,https://www.airbnb.co.in/rooms/556844000806455893?adults=2&check_in=2022-07-20&check_out=2022-07-21&previous_page_section_name=1000&federated_search_id=45eb37d6-02fa-45d7-b3bd-bd4daf9f06fd,,"₹34,680 per night",3 beds,4.75,Apartment in Hauula
155,https://www.airbnb.co.in/rooms/14828126?adults=2&check_in=2022-07-20&check_out=2022-07-21&previous_page_section_name=1000&federated_search_id=45eb37d6-02fa-45d7-b3bd-bd4daf9f06fd,,"₹23,130 per night",3 beds,4.82,Apartment in Honolulu
156,https://www.airbnb.co.in/rooms/43366962?adults=2&check_in=2022-07-20&check_out=2022-07-21&previous_page_section_name=1000&federated_search_id=45eb37d6-02fa-45d7-b3bd-bd4daf9f06fd,,"₹16,050 per night",1 king bed,4.85,Apartment in Honolulu
157,https://www.airbnb.co.in/rooms/33204508?adults=2&check_in=2022-07-20&check_out=2022-07-21&previous_page_section_name=1000&federated_search_id=45eb37d6-02fa-45d7-b3bd-bd4daf9f06fd,,"₹17,750 per night",3 beds,4.57,Townhouse in Honolulu
158,https://www.airbnb.co.in/rooms/49483519?adults=2&check_in=2022-07-20&check_out=2022-07-21&previous_page_section_name=1000&federated_search_id=45eb37d6-02fa-45d7-b3bd-bd4daf9f06fd,,"₹13,341 per night, originally ₹15,387",1 bed,4.33,Apartment in Honolulu
159,https://www.airbnb.co.in/rooms/28257926?adults=2&check_in=2022-07-20&check_out=2022-07-21&previous_page_section_name=1000&federated_search_id=45eb37d6-02fa-45d7-b3bd-bd4daf9f06fd,,"₹22,039 per night",2 beds,4.75,Apartment in Honolulu
160,https://www.airbnb.co.in/rooms/42903551?adults=2&check_in=2022-07-20&check_out=2022-07-21&previous_page_section_name=1000&federated_search_id=45eb37d6-02fa-45d7-b3bd-bd4daf9f06fd,,"₹21,579 per night",2 beds,4.93,Apartment in Honolulu
161,https://www.airbnb.co.in/rooms/556844000806455893?adults=2&check_in=2022-07-20&check_out=2022-07-21&previous_page_section_name=1000&federated_search_id=32573286-9764-451b-8b7f-c2be19c37a8d,,"₹34,680 per night",3 beds,4.75,Apartment in Hauula
162,https://www.airbnb.co.in/rooms/51623841?adults=2&check_in=2022-07-20&check_out=2022-07-21&previous_page_section_name=1000&federated_search_id=32573286-9764-451b-8b7f-c2be19c37a8d,,"₹17,973 per night",1 king bed,5.0,Campervan/Motorhome in Waialua
163,https://www.airbnb.co.in/rooms/21175572?adults=2&check_in=2022-07-20&check_out=2022-07-21&previous_page_section_name=1000&federated_search_id=32573286-9764-451b-8b7f-c2be19c37a8d,,"₹12,499 per night, originally ₹14,545",1 queen bed,4.85,Private room in Waialua
164,https://www.airbnb.co.in/rooms/51516406?adults=2&check_in=2022-07-20&check_out=2022-07-21&previous_page_section_name=1000&federated_search_id=32573286-9764-451b-8b7f-c2be19c37a8d,,"₹19,794 per night",3 beds,4.75,Apartment in Honolulu
165,https://www.airbnb.co.in/rooms/49178354?adults=2&check_in=2022-07-20&check_out=2022-07-21&previous_page_section_name=1000&federated_search_id=32573286-9764-451b-8b7f-c2be19c37a8d,,"₹14,914 per night, originally ₹16,488",1 bed,4.71,Apartment in Honolulu
166,https://www.airbnb.co.in/rooms/631352259717041960?adults=2&check_in=2022-07-20&check_out=2022-07-21&previous_page_section_name=1000&federated_search_id=32573286-9764-451b-8b7f-c2be19c37a8d,,"₹20,745 per night",3 beds,New,Hotel room in Honolulu
167,https://www.airbnb.co.in/rooms/38086835?adults=2&check_in=2022-07-20&check_out=2022-07-21&previous_page_section_name=1000&federated_search_id=32573286-9764-451b-8b7f-c2be19c37a8d,,"₹22,743 per night",2 double beds,New,Hotel room in Honolulu
168,https://www.airbnb.co.in/rooms/52469808?adults=2&check_in=2022-07-20&check_out=2022-07-21&previous_page_section_name=1000&federated_search_id=32573286-9764-451b-8b7f-c2be19c37a8d,,"₹19,488 per night",2 beds,New,Flat in Honolulu
169,https://www.airbnb.co.in/rooms/43237527?adults=2&check_in=2022-07-20&check_out=2022-07-21&previous_page_section_name=1000&federated_search_id=32573286-9764-451b-8b7f-c2be19c37a8d,,"₹19,202 per night, originally ₹21,562",3 beds,4.27,Hotel room in Honolulu
170,https://www.airbnb.co.in/rooms/53521436?adults=2&check_in=2022-07-20&check_out=2022-07-21&previous_page_section_name=1000&federated_search_id=32573286-9764-451b-8b7f-c2be19c37a8d,,"₹18,614 per night",2 beds,5.0,Apartment in Honolulu
171,https://www.airbnb.co.in/rooms/584955245501882547?adults=2&check_in=2022-07-20&check_out=2022-07-21&previous_page_section_name=1000&federated_search_id=32573286-9764-451b-8b7f-c2be19c37a8d,,"₹16,288 per night",1 bed,5.0,Flat in Honolulu
172,https://www.airbnb.co.in/rooms/39799981?adults=2&check_in=2022-07-20&check_out=2022-07-21&previous_page_section_name=1000&federated_search_id=32573286-9764-451b-8b7f-c2be19c37a8d,,"₹13,761 per night",1 queen bed,4.7,Flat in Honolulu
173,https://www.airbnb.co.in/rooms/624724085266078422?adults=2&check_in=2022-07-20&check_out=2022-07-21&previous_page_section_name=1000&federated_search_id=32573286-9764-451b-8b7f-c2be19c37a8d,,"₹15,712 per night",2 beds,New,Apartment in Honolulu
174,https://www.airbnb.co.in/rooms/50897989?adults=2&check_in=2022-07-20&check_out=2022-07-21&previous_page_section_name=1000&federated_search_id=32573286-9764-451b-8b7f-c2be19c37a8d,,"₹12,512 per night",1 queen bed,4.11,Hotel room in Honolulu
175,https://www.airbnb.co.in/rooms/52469813?adults=2&check_in=2022-07-20&check_out=2022-07-21&previous_page_section_name=1000&federated_search_id=32573286-9764-451b-8b7f-c2be19c37a8d,,"₹19,488 per night",2 beds,4.0,Flat in Honolulu
176,https://www.airbnb.co.in/rooms/54085959?adults=2&check_in=2022-07-20&check_out=2022-07-21&previous_page_section_name=1000&federated_search_id=32573286-9764-451b-8b7f-c2be19c37a8d,,"₹17,973 per night",2 beds,4.76,Campervan/Motorhome in Waialua
177,https://www.airbnb.co.in/rooms/653931820194196445?adults=2&check_in=2022-07-20&check_out=2022-07-21&previous_page_section_name=1000&federated_search_id=32573286-9764-451b-8b7f-c2be19c37a8d,,"₹10,434 per night",1 bed,New,Campervan/Motorhome in Honolulu
178,https://www.airbnb.co.in/rooms/49344220?adults=2&check_in=2022-07-20&check_out=2022-07-21&previous_page_section_name=1000&federated_search_id=32573286-9764-451b-8b7f-c2be19c37a8d,,"₹35,334 per night, originally ₹42,417",1 king bed,New,Hotel room in Honolulu
179,https://www.airbnb.co.in/rooms/552890557227605536?adults=2&check_in=2022-07-20&check_out=2022-07-21&previous_page_section_name=1000&federated_search_id=32573286-9764-451b-8b7f-c2be19c37a8d,,"₹12,056 per night",,4.67,Apartment in Honolulu
180,https://www.airbnb.co.in/rooms/50399838?adults=2&check_in=2022-07-20&check_out=2022-07-21&previous_page_section_name=1000&federated_search_id=32573286-9764-451b-8b7f-c2be19c37a8d,,"₹22,243 per night",2 double beds,4.56,Apartment in Honolulu
181,https://www.airbnb.co.in/rooms/29600043?adults=2&check_in=2022-07-20&check_out=2022-07-21&previous_page_section_name=1000&federated_search_id=61088436-cce2-47a8-a215-9e7e85a551c2,,"₹12,799 per night, originally ₹14,373",1 queen bed,4.74,Apartment in Honolulu
182,https://www.airbnb.co.in/rooms/44338177?adults=2&check_in=2022-07-20&check_out=2022-07-21&previous_page_section_name=1000&federated_search_id=61088436-cce2-47a8-a215-9e7e85a551c2,,"₹24,007 per night, originally ₹29,909",2 double beds,4.91,Apartment in Honolulu
183,https://www.airbnb.co.in/rooms/48069425?adults=2&check_in=2022-07-20&check_out=2022-07-21&previous_page_section_name=1000&federated_search_id=61088436-cce2-47a8-a215-9e7e85a551c2,,"₹21,514 per night",1 queen bed,4.83,Apartment in Hauula
184,https://www.airbnb.co.in/rooms/49520765?adults=2&check_in=2022-07-20&check_out=2022-07-21&previous_page_section_name=1000&federated_search_id=61088436-cce2-47a8-a215-9e7e85a551c2,,"₹10,498 per night, originally ₹15,692",1 queen bed,4.4,Campervan/Motorhome in Mililani
185,https://www.airbnb.co.in/rooms/38100141?adults=2&check_in=2022-07-20&check_out=2022-07-21&previous_page_section_name=1000&federated_search_id=61088436-cce2-47a8-a215-9e7e85a551c2,,"₹21,956 per night",1 king bed,4.67,Hotel room in Honolulu
186,https://www.airbnb.co.in/rooms/24395506?adults=2&check_in=2022-07-20&check_out=2022-07-21&previous_page_section_name=1000&federated_search_id=61088436-cce2-47a8-a215-9e7e85a551c2,,"₹23,130 per night",2 beds,4.84,Apartment in Honolulu
187,https://www.airbnb.co.in/rooms/13732529?adults=2&check_in=2022-07-20&check_out=2022-07-21&previous_page_section_name=1000&federated_search_id=61088436-cce2-47a8-a215-9e7e85a551c2,,"₹42,112 per night",3 beds,4.85,Apartment in Honolulu
188,https://www.airbnb.co.in/rooms/49860222?adults=2&check_in=2022-07-20&check_out=2022-07-21&previous_page_section_name=1000&federated_search_id=61088436-cce2-47a8-a215-9e7e85a551c2,,"₹14,704 per night, originally ₹16,277",2 beds,4.38,Apartment in Honolulu
189,https://www.airbnb.co.in/rooms/42903551?adults=2&check_in=2022-07-20&check_out=2022-07-21&previous_page_section_name=1000&federated_search_id=61088436-cce2-47a8-a215-9e7e85a551c2,,"₹21,579 per night",2 beds,4.93,Apartment in Honolulu
190,https://www.airbnb.co.in/rooms/527114582885694142?adults=2&check_in=2022-07-20&check_out=2022-07-21&previous_page_section_name=1000&federated_search_id=61088436-cce2-47a8-a215-9e7e85a551c2,,"₹17,973 per night",1 bunk bed,4.89,Campervan/Motorhome in Kailua
191,https://www.airbnb.co.in/rooms/34749259?adults=2&check_in=2022-07-20&check_out=2022-07-21&previous_page_section_name=1000&federated_search_id=61088436-cce2-47a8-a215-9e7e85a551c2,,"₹18,808 per night",2 double beds,4.29,Hotel room in Honolulu
192,https://www.airbnb.co.in/rooms/50747933?adults=2&check_in=2022-07-20&check_out=2022-07-21&previous_page_section_name=1000&federated_search_id=61088436-cce2-47a8-a215-9e7e85a551c2,,"₹19,484 per night, originally ₹23,436",1 bed,4.97,Apartment in Honolulu
193,https://www.airbnb.co.in/rooms/645441382175245027?adults=2&check_in=2022-07-20&check_out=2022-07-21&previous_page_section_name=1000&federated_search_id=61088436-cce2-47a8-a215-9e7e85a551c2,,"₹20,745 per night",2 beds,New,Flat in Honolulu
194,https://www.airbnb.co.in/rooms/41029472?adults=2&check_in=2022-07-20&check_out=2022-07-21&previous_page_section_name=1000&federated_search_id=61088436-cce2-47a8-a215-9e7e85a551c2,,"₹27,465 per night, originally ₹30,612",2 beds,New,Hotel room in Honolulu
195,https://www.airbnb.co.in/rooms/13045517?adults=2&check_in=2022-07-20&check_out=2022-07-21&previous_page_section_name=1000&federated_search_id=61088436-cce2-47a8-a215-9e7e85a551c2,,"₹15,167 per night",2 beds,4.49,Flat in Honolulu
196,https://www.airbnb.co.in/rooms/645600446447955365?adults=2&check_in=2022-07-20&check_out=2022-07-21&previous_page_section_name=1000&federated_search_id=61088436-cce2-47a8-a215-9e7e85a551c2,,"₹20,745 per night",3 beds,New,Hotel room in Honolulu
197,https://www.airbnb.co.in/rooms/630340324607254510?adults=2&check_in=2022-07-20&check_out=2022-07-21&previous_page_section_name=1000&federated_search_id=61088436-cce2-47a8-a215-9e7e85a551c2,,"₹27,031 per night",1 bed,New,Resort in Honolulu
198,https://www.airbnb.co.in/rooms/550129123749707295?adults=2&check_in=2022-07-20&check_out=2022-07-21&previous_page_section_name=1000&federated_search_id=61088436-cce2-47a8-a215-9e7e85a551c2,,"₹14,937 per night, originally ₹17,297",1 bed,5.0,Apartment in Honolulu
199,https://www.airbnb.co.in/rooms/49255448?adults=2&check_in=2022-07-20&check_out=2022-07-21&previous_page_section_name=1000&federated_search_id=61088436-cce2-47a8-a215-9e7e85a551c2,,"₹20,509 per night",2 beds,4.67,Apartment in Honolulu
200,https://www.airbnb.co.in/rooms/552888848346339932?adults=2&check_in=2022-07-20&check_out=2022-07-21&previous_page_section_name=1000&federated_search_id=61088436-cce2-47a8-a215-9e7e85a551c2,,"₹13,600 per night",1 king bed,New,Apartment in Honolulu
201,https://www.airbnb.co.in/rooms/54265405?adults=2&check_in=2022-07-20&check_out=2022-07-21&previous_page_section_name=1000&federated_search_id=edcfb62f-7a5b-49a9-b9cf-42422f835969,,"₹17,512 per night",1 king bed,4.75,Hotel room in Honolulu
202,https://www.airbnb.co.in/rooms/37362351?adults=2&check_in=2022-07-20&check_out=2022-07-21&previous_page_section_name=1000&federated_search_id=edcfb62f-7a5b-49a9-b9cf-42422f835969,,"₹21,489 per night",2 beds,4.82,Home in Hauula
203,https://www.airbnb.co.in/rooms/51537600?adults=2&check_in=2022-07-20&check_out=2022-07-21&previous_page_section_name=1000&federated_search_id=edcfb62f-7a5b-49a9-b9cf-42422f835969,,"₹22,233 per night",2 beds,4.96,Apartment in Honolulu
204,https://www.airbnb.co.in/rooms/38766538?adults=2&check_in=2022-07-20&check_out=2022-07-21&previous_page_section_name=1000&federated_search_id=edcfb62f-7a5b-49a9-b9cf-42422f835969,,"₹17,720 per night, originally ₹23,229",2 double beds,4.86,Apartment in Honolulu
205,https://www.airbnb.co.in/rooms/16689497?adults=2&check_in=2022-07-20&check_out=2022-07-21&previous_page_section_name=1000&federated_search_id=edcfb62f-7a5b-49a9-b9cf-42422f835969,,"₹13,583 per night, originally ₹15,393",3 beds,4.75,Flat in Honolulu
206,https://www.airbnb.co.in/rooms/35433247?adults=2&check_in=2022-07-20&check_out=2022-07-21&previous_page_section_name=1000&federated_search_id=edcfb62f-7a5b-49a9-b9cf-42422f835969,,"₹14,767 per night",1 bed,4.5,Apartment in Honolulu
207,https://www.airbnb.co.in/rooms/645600334527184456?adults=2&check_in=2022-07-20&check_out=2022-07-21&previous_page_section_name=1000&federated_search_id=edcfb62f-7a5b-49a9-b9cf-42422f835969,,"₹20,116 per night",2 beds,New,Hotel room in Honolulu
208,https://www.airbnb.co.in/rooms/645500056361486770?adults=2&check_in=2022-07-20&check_out=2022-07-21&previous_page_section_name=1000&federated_search_id=edcfb62f-7a5b-49a9-b9cf-42422f835969,,"₹19,307 per night",1 bed,New,Hotel room in Honolulu
209,https://www.airbnb.co.in/rooms/631344478286549335?adults=2&check_in=2022-07-20&check_out=2022-07-21&previous_page_section_name=1000&federated_search_id=edcfb62f-7a5b-49a9-b9cf-42422f835969,,"₹20,116 per night",2 beds,New,Hotel room in Honolulu
210,https://www.airbnb.co.in/rooms/650340373255825565?adults=2&check_in=2022-07-20&check_out=2022-07-21&previous_page_section_name=1000&federated_search_id=edcfb62f-7a5b-49a9-b9cf-42422f835969,,"₹18,988 per night, originally ₹22,277",2 beds,New,Apartment in Honolulu
211,https://www.airbnb.co.in/rooms/598688738065071624?adults=2&check_in=2022-07-20&check_out=2022-07-21&previous_page_section_name=1000&federated_search_id=edcfb62f-7a5b-49a9-b9cf-42422f835969,,"₹23,530 per night",1 bed,New,Hotel room in Honolulu
212,https://www.airbnb.co.in/rooms/33204508?adults=2&check_in=2022-07-20&check_out=2022-07-21&previous_page_section_name=1000&federated_search_id=edcfb62f-7a5b-49a9-b9cf-42422f835969,,"₹17,750 per night",3 beds,4.57,Townhouse in Honolulu
213,https://www.airbnb.co.in/rooms/592232792994137187?adults=2&check_in=2022-07-20&check_out=2022-07-21&previous_page_section_name=1000&federated_search_id=edcfb62f-7a5b-49a9-b9cf-42422f835969,,"₹44,144 per night",5 beds,4.88,Apartment in Hauula
214,https://www.airbnb.co.in/rooms/645601391101537829?adults=2&check_in=2022-07-20&check_out=2022-07-21&previous_page_section_name=1000&federated_search_id=edcfb62f-7a5b-49a9-b9cf-42422f835969,,"₹20,745 per night",3 beds,New,Hotel room in Honolulu
215,https://www.airbnb.co.in/rooms/47926574?adults=2&check_in=2022-07-20&check_out=2022-07-21&previous_page_section_name=1000&federated_search_id=edcfb62f-7a5b-49a9-b9cf-42422f835969,,"₹24,007 per night, originally ₹29,909",2 beds,4.82,Apartment in Honolulu
216,https://www.airbnb.co.in/rooms/49483519?adults=2&check_in=2022-07-20&check_out=2022-07-21&previous_page_section_name=1000&federated_search_id=edcfb62f-7a5b-49a9-b9cf-42422f835969,,"₹13,341 per night, originally ₹15,387",1 bed,4.33,Apartment in Honolulu
217,https://www.airbnb.co.in/rooms/631344210229387973?adults=2&check_in=2022-07-20&check_out=2022-07-21&previous_page_section_name=1000&federated_search_id=edcfb62f-7a5b-49a9-b9cf-42422f835969,,"₹20,116 per night",2 beds,New,Hotel room in Honolulu
218,https://www.airbnb.co.in/rooms/50897997?adults=2&check_in=2022-07-20&check_out=2022-07-21&previous_page_section_name=1000&federated_search_id=edcfb62f-7a5b-49a9-b9cf-42422f835969,,"₹13,299 per night",2 beds,3.64,Hotel room in Honolulu
219,https://www.airbnb.co.in/rooms/552890747001802904?adults=2&check_in=2022-07-20&check_out=2022-07-21&previous_page_section_name=1000&federated_search_id=edcfb62f-7a5b-49a9-b9cf-42422f835969,,"₹16,457 per night",,4.5,Apartment in Honolulu
220,https://www.airbnb.co.in/rooms/28257926?adults=2&check_in=2022-07-20&check_out=2022-07-21&previous_page_section_name=1000&federated_search_id=edcfb62f-7a5b-49a9-b9cf-42422f835969,,"₹22,039 per night",2 beds,4.75,Apartment in Honolulu
221,https://www.airbnb.co.in/rooms/32997972?adults=2&check_in=2022-07-20&check_out=2022-07-21&previous_page_section_name=1000&federated_search_id=eaa60308-72b2-44cf-b6c2-1f590e0329fd,,"₹25,571 per night",2 beds,4.94,Private room in Kaneohe
222,https://www.airbnb.co.in/rooms/52469818?adults=2&check_in=2022-07-20&check_out=2022-07-21&previous_page_section_name=1000&federated_search_id=eaa60308-72b2-44cf-b6c2-1f590e0329fd,,"₹19,488 per night",2 beds,New,Flat in Honolulu
223,https://www.airbnb.co.in/rooms/36758637?adults=2&check_in=2022-07-20&check_out=2022-07-21&previous_page_section_name=1000&federated_search_id=eaa60308-72b2-44cf-b6c2-1f590e0329fd,,"₹19,569 per night",1 queen bed,4.84,Flat in Honolulu
224,https://www.airbnb.co.in/rooms/605419865153689755?adults=2&check_in=2022-07-20&check_out=2022-07-21&previous_page_section_name=1000&federated_search_id=eaa60308-72b2-44cf-b6c2-1f590e0329fd,,"₹13,547 per night",1 bed,New,Home in Honolulu
225,https://www.airbnb.co.in/rooms/552890621070070608?adults=2&check_in=2022-07-20&check_out=2022-07-21&previous_page_section_name=1000&federated_search_id=eaa60308-72b2-44cf-b6c2-1f590e0329fd,,"₹15,378 per night",,New,Apartment in Honolulu
226,https://www.airbnb.co.in/rooms/52469902?adults=2&check_in=2022-07-20&check_out=2022-07-21&previous_page_section_name=1000&federated_search_id=eaa60308-72b2-44cf-b6c2-1f590e0329fd,,"₹23,798 per night",3 beds,New,Flat in Honolulu
227,https://www.airbnb.co.in/rooms/649615573638763641?adults=2&check_in=2022-07-20&check_out=2022-07-21&previous_page_section_name=1000&federated_search_id=eaa60308-72b2-44cf-b6c2-1f590e0329fd,,"₹21,031 per night, originally ₹24,793",1 bed,New,Apartment in Honolulu
228,https://www.airbnb.co.in/rooms/645501480302869242?adults=2&check_in=2022-07-20&check_out=2022-07-21&previous_page_section_name=1000&federated_search_id=eaa60308-72b2-44cf-b6c2-1f590e0329fd,,"₹20,565 per night",2 beds,New,Hotel room in Honolulu
229,https://www.airbnb.co.in/rooms/52469624?adults=2&check_in=2022-07-20&check_out=2022-07-21&previous_page_section_name=1000&federated_search_id=eaa60308-72b2-44cf-b6c2-1f590e0329fd,,"₹31,252 per night",2 beds,New,Flat in Honolulu
230,https://www.airbnb.co.in/rooms/52532028?adults=2&check_in=2022-07-20&check_out=2022-07-21&previous_page_section_name=1000&federated_search_id=eaa60308-72b2-44cf-b6c2-1f590e0329fd,,"₹24,427 per night",2 beds,New,Hotel room in Honolulu
231,https://www.airbnb.co.in/rooms/20437001?adults=2&check_in=2022-07-20&check_out=2022-07-21&previous_page_section_name=1000&federated_search_id=eaa60308-72b2-44cf-b6c2-1f590e0329fd,,"₹19,516 per night, originally ₹25,418",2 beds,4.82,Apartment in Honolulu
232,https://www.airbnb.co.in/rooms/48922145?adults=2&check_in=2022-07-20&check_out=2022-07-21&previous_page_section_name=1000&federated_search_id=eaa60308-72b2-44cf-b6c2-1f590e0329fd,,"₹13,805 per night",,4.8,Apartment in Honolulu
233,https://www.airbnb.co.in/rooms/52338276?adults=2&check_in=2022-07-20&check_out=2022-07-21&previous_page_section_name=1000&federated_search_id=eaa60308-72b2-44cf-b6c2-1f590e0329fd,,"₹20,354 per night, originally ₹28,224",3 beds,New,Apartment in Honolulu
234,https://www.airbnb.co.in/rooms/34205128?adults=2&check_in=2022-07-20&check_out=2022-07-21&previous_page_section_name=1000&federated_search_id=eaa60308-72b2-44cf-b6c2-1f590e0329fd,,"₹18,769 per night",1 king bed,4.5,Hotel room in Honolulu
235,https://www.airbnb.co.in/rooms/50447160?adults=2&check_in=2022-07-20&check_out=2022-07-21&previous_page_section_name=1000&federated_search_id=eaa60308-72b2-44cf-b6c2-1f590e0329fd,,"₹24,056 per night",1 bed,4.94,Apartment in Honolulu
236,https://www.airbnb.co.in/rooms/631345742587422107?adults=2&check_in=2022-07-20&check_out=2022-07-21&previous_page_section_name=1000&federated_search_id=eaa60308-72b2-44cf-b6c2-1f590e0329fd,,"₹20,116 per night",2 beds,New,Hotel room in Honolulu
237,https://www.airbnb.co.in/rooms/645499701670280072?adults=2&check_in=2022-07-20&check_out=2022-07-21&previous_page_section_name=1000&federated_search_id=eaa60308-72b2-44cf-b6c2-1f590e0329fd,,"₹19,307 per night",1 bed,New,Hotel room in Honolulu
238,https://www.airbnb.co.in/rooms/563048021106165347?adults=2&check_in=2022-07-20&check_out=2022-07-21&previous_page_section_name=1000&federated_search_id=eaa60308-72b2-44cf-b6c2-1f590e0329fd,,"₹27,031 per night",1 bed,New,Resort in Honolulu
239,https://www.airbnb.co.in/rooms/50054640?adults=2&check_in=2022-07-20&check_out=2022-07-21&previous_page_section_name=1000&federated_search_id=eaa60308-72b2-44cf-b6c2-1f590e0329fd,,"₹17,907 per night",2 double beds,4.56,Apartment in Honolulu
240,https://www.airbnb.co.in/rooms/52244824?adults=2&check_in=2022-07-20&check_out=2022-07-21&previous_page_section_name=1000&federated_search_id=eaa60308-72b2-44cf-b6c2-1f590e0329fd,,"₹19,307 per night",1 bed,New,Hotel room in Honolulu
241,https://www.airbnb.co.in/rooms/52532051?adults=2&check_in=2022-07-20&check_out=2022-07-21&previous_page_section_name=1000&federated_search_id=0d9f3952-f90e-407c-9c04-4724229a2eaf,,"₹24,427 per night",1 bed,New,Hotel room in Waikiki
242,https://www.airbnb.co.in/rooms/22584643?adults=2&check_in=2022-07-20&check_out=2022-07-21&previous_page_section_name=1000&federated_search_id=0d9f3952-f90e-407c-9c04-4724229a2eaf,,"₹28,132 per night",1 bed,4.8,Apartment in Waikiki
243,https://www.airbnb.co.in/rooms/36915219?adults=2&check_in=2022-07-20&check_out=2022-07-21&previous_page_section_name=1000&federated_search_id=0d9f3952-f90e-407c-9c04-4724229a2eaf,,"₹14,086 per night",1 king bed,3.38,Hotel room in Waikiki
244,https://www.airbnb.co.in/rooms/32640016?adults=2&check_in=2022-07-20&check_out=2022-07-21&previous_page_section_name=1000&federated_search_id=0d9f3952-f90e-407c-9c04-4724229a2eaf,,"₹18,568 per night",1 king bed,4.74,Apartment in Waikiki
245,https://www.airbnb.co.in/rooms/46071910?adults=2&check_in=2022-07-20&check_out=2022-07-21&previous_page_section_name=1000&federated_search_id=0d9f3952-f90e-407c-9c04-4724229a2eaf,,"₹24,427 per night",1 bed,New,Hotel room in Waikiki
246,https://www.airbnb.co.in/rooms/629809641248381938?adults=2&check_in=2022-07-20&check_out=2022-07-21&previous_page_section_name=1000&federated_search_id=0d9f3952-f90e-407c-9c04-4724229a2eaf,,"₹27,031 per night",1 bed,New,Resort in Waikiki
247,https://www.airbnb.co.in/rooms/649615527133303701?adults=2&check_in=2022-07-20&check_out=2022-07-21&previous_page_section_name=1000&federated_search_id=0d9f3952-f90e-407c-9c04-4724229a2eaf,,"₹28,241 per night",3 beds,New,Apartment in Waikiki
248,https://www.airbnb.co.in/rooms/43366962?adults=2&check_in=2022-07-20&check_out=2022-07-21&previous_page_section_name=1000&federated_search_id=0d9f3952-f90e-407c-9c04-4724229a2eaf,,"₹16,050 per night",1 king bed,4.85,Apartment in Waikiki
249,https://www.airbnb.co.in/rooms/631344000678376184?adults=2&check_in=2022-07-20&check_out=2022-07-21&previous_page_section_name=1000&federated_search_id=0d9f3952-f90e-407c-9c04-4724229a2eaf,,"₹20,116 per night",2 beds,New,Hotel room in Waikiki
250,https://www.airbnb.co.in/rooms/49947707?adults=2&check_in=2022-07-20&check_out=2022-07-21&previous_page_section_name=1000&federated_search_id=0d9f3952-f90e-407c-9c04-4724229a2eaf,,"₹24,007 per night, originally ₹27,941",2 beds,4.8,Apartment in Waikiki
251,https://www.airbnb.co.in/rooms/552091810767382148?adults=2&check_in=2022-07-20&check_out=2022-07-21&previous_page_section_name=1000&federated_search_id=0d9f3952-f90e-407c-9c04-4724229a2eaf,,"₹19,027 per night, originally ₹26,835",2 beds,4.55,Hotel room in Waikiki
252,https://www.airbnb.co.in/rooms/53316891?adults=2&check_in=2022-07-20&check_out=2022-07-21&previous_page_section_name=1000&federated_search_id=0d9f3952-f90e-407c-9c04-4724229a2eaf,,"₹12,199 per night, originally ₹15,866",1 bed,4.43,Apartment in Waikiki
253,https://www.airbnb.co.in/rooms/645441255135746829?adults=2&check_in=2022-07-20&check_out=2022-07-21&previous_page_section_name=1000&federated_search_id=0d9f3952-f90e-407c-9c04-4724229a2eaf,,"₹20,745 per night",2 beds,New,Flat in Waikiki
254,https://www.airbnb.co.in/rooms/548901124661530623?adults=2&check_in=2022-07-20&check_out=2022-07-21&previous_page_section_name=1000&federated_search_id=0d9f3952-f90e-407c-9c04-4724229a2eaf,,"₹26,441 per night",1 bed,New,Resort in Waikiki
255,https://www.airbnb.co.in/rooms/15395351?adults=2&check_in=2022-07-20&check_out=2022-07-21&previous_page_section_name=1000&federated_search_id=0d9f3952-f90e-407c-9c04-4724229a2eaf,,"₹18,729 per night, originally ₹24,238",2 double beds,4.58,Flat in Waikiki
256,https://www.airbnb.co.in/rooms/645505715001709350?adults=2&check_in=2022-07-20&check_out=2022-07-21&previous_page_section_name=1000&federated_search_id=0d9f3952-f90e-407c-9c04-4724229a2eaf,,"₹23,708 per night",1 bed,New,Hotel room in Waikiki
257,https://www.airbnb.co.in/rooms/48750212?adults=2&check_in=2022-07-20&check_out=2022-07-21&previous_page_section_name=1000&federated_search_id=0d9f3952-f90e-407c-9c04-4724229a2eaf,,"₹20,081 per night",2 double beds,4.76,Apartment in Waikiki
258,https://www.airbnb.co.in/rooms/645611391023906114?adults=2&check_in=2022-07-20&check_out=2022-07-21&previous_page_section_name=1000&federated_search_id=0d9f3952-f90e-407c-9c04-4724229a2eaf,,"₹25,685 per night",1 bed,New,Hotel room in Waikiki
259,https://www.airbnb.co.in/rooms/51745580?adults=2&check_in=2022-07-20&check_out=2022-07-21&previous_page_section_name=1000&federated_search_id=0d9f3952-f90e-407c-9c04-4724229a2eaf,,"₹20,565 per night",2 beds,New,Hotel room in Waikiki
260,https://www.airbnb.co.in/rooms/645438131429640694?adults=2&check_in=2022-07-20&check_out=2022-07-21&previous_page_section_name=1000&federated_search_id=0d9f3952-f90e-407c-9c04-4724229a2eaf,,"₹40,592 per night",4 beds,New,Flat in Waikiki
261,https://www.airbnb.co.in/rooms/25948443?adults=2&check_in=2022-07-20&check_out=2022-07-21&previous_page_section_name=1000&federated_search_id=3d479969-d9a1-4d6d-a0d2-ca1e5899f268,,"₹20,435 per night",1 bed,4.77,Apartment in Waikiki
262,https://www.airbnb.co.in/rooms/42564042?adults=2&check_in=2022-07-20&check_out=2022-07-21&previous_page_section_name=1000&federated_search_id=3d479969-d9a1-4d6d-a0d2-ca1e5899f268,,"₹24,966 per night",2 beds,New,Flat in Waikiki
263,https://www.airbnb.co.in/rooms/51887629?adults=2&check_in=2022-07-20&check_out=2022-07-21&previous_page_section_name=1000&federated_search_id=3d479969-d9a1-4d6d-a0d2-ca1e5899f268,,"₹20,696 per night",2 beds,4.87,Apartment in Waikiki
264,https://www.airbnb.co.in/rooms/46007089?adults=2&check_in=2022-07-20&check_out=2022-07-21&previous_page_section_name=1000&federated_search_id=3d479969-d9a1-4d6d-a0d2-ca1e5899f268,,"₹29,994 per night",2 beds,New,Flat in Waikiki
265,https://www.airbnb.co.in/rooms/28810868?adults=2&check_in=2022-07-20&check_out=2022-07-21&previous_page_section_name=1000&federated_search_id=3d479969-d9a1-4d6d-a0d2-ca1e5899f268,,"₹18,241 per night",1 bed,4.74,Apartment in Waikiki
266,https://www.airbnb.co.in/rooms/50520812?adults=2&check_in=2022-07-20&check_out=2022-07-21&previous_page_section_name=1000&federated_search_id=3d479969-d9a1-4d6d-a0d2-ca1e5899f268,,"₹24,056 per night",1 bed,4.6,Apartment in Waikiki
267,https://www.airbnb.co.in/rooms/54168114?adults=2&check_in=2022-07-20&check_out=2022-07-21&previous_page_section_name=1000&federated_search_id=3d479969-d9a1-4d6d-a0d2-ca1e5899f268,,"₹22,449 per night",2 beds,5.0,Apartment in Waikiki
268,https://www.airbnb.co.in/rooms/53728195?adults=2&check_in=2022-07-20&check_out=2022-07-21&previous_page_section_name=1000&federated_search_id=3d479969-d9a1-4d6d-a0d2-ca1e5899f268,,"₹21,031 per night",1 bed,New,Apartment in Waikiki
269,https://www.airbnb.co.in/rooms/616890379852307855?adults=2&check_in=2022-07-20&check_out=2022-07-21&previous_page_section_name=1000&federated_search_id=3d479969-d9a1-4d6d-a0d2-ca1e5899f268,,"₹24,007 per night, originally ₹28,020",2 double beds,5.0,Apartment in Waikiki
270,https://www.airbnb.co.in/rooms/52008577?adults=2&check_in=2022-07-20&check_out=2022-07-21&previous_page_section_name=1000&federated_search_id=3d479969-d9a1-4d6d-a0d2-ca1e5899f268,,"₹17,218 per night",2 beds,4.29,Apartment in Waikiki
271,https://www.airbnb.co.in/rooms/548901162416298612?adults=2&check_in=2022-07-20&check_out=2022-07-21&previous_page_section_name=1000&federated_search_id=3d479969-d9a1-4d6d-a0d2-ca1e5899f268,,"₹29,353 per night",2 beds,New,Hotel room in Waikiki
272,https://www.airbnb.co.in/rooms/39136287?adults=2&check_in=2022-07-20&check_out=2022-07-21&previous_page_section_name=1000&federated_search_id=3d479969-d9a1-4d6d-a0d2-ca1e5899f268,,"₹26,705 per night",1 queen bed,4.63,Apartment in Waikiki
273,https://www.airbnb.co.in/rooms/548901124661530623?adults=2&check_in=2022-07-20&check_out=2022-07-21&previous_page_section_name=1000&federated_search_id=3d479969-d9a1-4d6d-a0d2-ca1e5899f268,,"₹26,441 per night",1 bed,New,Resort in Waikiki
274,https://www.airbnb.co.in/rooms/44407097?adults=2&check_in=2022-07-20&check_out=2022-07-21&previous_page_section_name=1000&federated_search_id=3d479969-d9a1-4d6d-a0d2-ca1e5899f268,,"₹20,166 per night",,4.83,Apartment in Waikiki
275,https://www.airbnb.co.in/rooms/42385886?adults=2&check_in=2022-07-20&check_out=2022-07-21&previous_page_section_name=1000&federated_search_id=3d479969-d9a1-4d6d-a0d2-ca1e5899f268,,"₹21,761 per night, originally ₹25,696",2 beds,4.95,Apartment in Waikiki
276,https://www.airbnb.co.in/rooms/44359859?adults=2&check_in=2022-07-20&check_out=2022-07-21&previous_page_section_name=1000&federated_search_id=3d479969-d9a1-4d6d-a0d2-ca1e5899f268,,"₹20,166 per night",3 beds,4.5,Apartment in Waikiki
277,https://www.airbnb.co.in/rooms/645441255135746829?adults=2&check_in=2022-07-20&check_out=2022-07-21&previous_page_section_name=1000&federated_search_id=3d479969-d9a1-4d6d-a0d2-ca1e5899f268,,"₹20,745 per night",2 beds,New,Flat in Waikiki
278,https://www.airbnb.co.in/rooms/52469813?adults=2&check_in=2022-07-20&check_out=2022-07-21&previous_page_section_name=1000&federated_search_id=3d479969-d9a1-4d6d-a0d2-ca1e5899f268,,"₹19,488 per night",2 beds,4.0,Flat in Waikiki
279,https://www.airbnb.co.in/rooms/552408896331711215?adults=2&check_in=2022-07-20&check_out=2022-07-21&previous_page_section_name=1000&federated_search_id=3d479969-d9a1-4d6d-a0d2-ca1e5899f268,,"₹25,563 per night, originally ₹31,034",2 beds,4.8,Apartment in Waikiki
280,https://www.airbnb.co.in/rooms/645600446447955365?adults=2&check_in=2022-07-20&check_out=2022-07-21&previous_page_section_name=1000&federated_search_id=3d479969-d9a1-4d6d-a0d2-ca1e5899f268,,"₹20,745 per night",3 beds,New,Hotel room in Waikiki
