,Link,Name,Price,Color,link
0,,,,,
1,,2022 Ford F-150,"$62,070",White,https://www.carpages.ca/new-cars/british-columbia/surrey/2022-ford-f-150-8771105/
2,,2021 Toyota Prius,"$48,000",Magnetic Grey Metallic,https://www.carpages.ca/used-cars/ontario/waterloo/2021-toyota-prius-8771003/
3,,2010 Ford F-150,"$7,496",Red Candy Dual-Coat Metallic,https://www.carpages.ca/used-cars/ontario/mississauga/2010-ford-f-150-8770736/
4,,2012 Ford F-150,"$21,496",Sterling Grey Metallic,https://www.carpages.ca/used-cars/ontario/mississauga/2012-ford-f-150-8770730/
5,,2020 Kia Soul,"$39,998",Space Green [green],https://www.carpages.ca/used-cars/british-columbia/courtenay/2020-kia-soul-8770544/
6,,2021 Toyota RAV4,"$52,898",Black,https://www.carpages.ca/used-cars/ontario/ottawa/2021-toyota-rav4-8770295/
7,,2021 Tesla Model 3,"$71,995",Grey,https://www.carpages.ca/used-cars/ontario/clarington/2021-tesla-model-3-8770079/
8,,2019 Ford Fusion,"$28,190",Gray,https://www.carpages.ca/used-cars/nova-scotia/yarmouth/2019-ford-fusion-8769779/
9,,2020 Tesla Model 3,"$79,970",Solid Black,https://www.carpages.ca/used-cars/quebec/saint-hubert/2020-tesla-model-3-8769392/
10,,2021 Tesla Model X,"$165,910",Red Multi-Coat,https://www.carpages.ca/used-cars/ontario/vaughan/2021-tesla-model-x-8769359/
11,,2020 Tesla Model 3,"$74,888",White,https://www.carpages.ca/used-cars/manitoba/winnipeg/2020-tesla-model-3-8768636/
12,,2022 Nissan Leaf,"$48,991",Pearl White,https://www.carpages.ca/used-cars/manitoba/winnipeg/2022-nissan-leaf-8768582/
13,,2022 Ford F-150,"$91,675",Antimatter Blue Metallic,https://www.carpages.ca/new-cars/manitoba/winnipeg/2022-ford-f-150-8768468/
14,,2022 Hyundai Santa Fe,"$46,124",Grey,https://www.carpages.ca/new-cars/ontario/midland/2022-hyundai-santa-fe-8768168/
15,,2022 Hyundai Elantra,"$29,324",Cyber Grey,https://www.carpages.ca/new-cars/nova-scotia/port-hawkesbury/2022-hyundai-elantra-8767457/
16,,2022 RAM 1500,"$54,030",Bright White,https://www.carpages.ca/new-cars/saskatchewan/saskatoon/2022-ram-1500-8767265/
17,,2022 RAM 1500,"$74,375",Bright White,https://www.carpages.ca/new-cars/saskatchewan/saskatoon/2022-ram-1500-8767262/
18,,2021 Audi Q7,"$86,000",Orca Black Metallic,https://www.carpages.ca/used-cars/manitoba/winnipeg/2021-audi-q7-8767247/
19,,2018 Toyota RAV4,"$47,980",White,https://www.carpages.ca/used-cars/british-columbia/vancouver/2018-toyota-rav4-8766620/
20,,2022 Honda Accord,"$39,250",Platinum White Pearl,https://www.carpages.ca/new-cars/newfoundland-and-labrador/st-john-s/2022-honda-accord-8766434/
21,,2019 Ford Fusion,"$28,190",Gray,https://www.carpages.ca/used-cars/nova-scotia/dartmouth/2019-ford-fusion-8766200/
22,,2022 Ford MAVERICK,"$37,320",Carbonized Grey Metallic,https://www.carpages.ca/new-cars/saskatchewan/regina/2022-ford-maverick-8766059/
23,,2022 Ford Explorer,"$60,544",Agate Black Metallic,https://www.carpages.ca/new-cars/british-columbia/abbotsford/2022-ford-explorer-8765984/
24,,2019 Hyundai IONIQ,"$43,986",Polar White,https://www.carpages.ca/used-cars/quebec/saint-jean-sur-richelieu/2019-hyundai-ioniq-8765447/
25,,2022 Tesla Model Y,"$113,888",White,https://www.carpages.ca/used-cars/manitoba/winnipeg/2022-tesla-model-y-8764382/
26,,2022 Tesla Model Y,"$113,980",White,https://www.carpages.ca/used-cars/manitoba/winnipeg/2022-tesla-model-y-8764376/
27,,2021 Tesla Model Y,"$101,980",Gray,https://www.carpages.ca/used-cars/manitoba/winnipeg/2021-tesla-model-y-8764373/
28,,2021 Tesla Model Y,"$109,888",Black,https://www.carpages.ca/used-cars/manitoba/winnipeg/2021-tesla-model-y-8764367/
29,,2018 Tesla Model 3,"$76,980",MIDNIGHT SILVER,https://www.carpages.ca/used-cars/manitoba/winnipeg/2018-tesla-model-3-8764358/
30,,2016 BMW X5,"$43,995",White,https://www.carpages.ca/used-cars/ontario/north-york/2016-bmw-x5-8763674/
31,,2022 Tesla Model Y,"$104,995",White,https://www.carpages.ca/used-cars/ontario/scarborough/2022-tesla-model-y-8763623/
32,,2022 Ford F-150,"$76,200",Grey,https://www.carpages.ca/new-cars/manitoba/brandon/2022-ford-f-150-8763221/
33,,2022 Ford F-150,"$65,070",Red,https://www.carpages.ca/new-cars/manitoba/brandon/2022-ford-f-150-8763215/
34,,2022 RAM 1500,"$64,715",Flame red ClearCoat,https://www.carpages.ca/new-cars/saskatchewan/saskatoon/2022-ram-1500-8763197/
35,,2022 RAM 1500,"$65,660",Flame red ClearCoat,https://www.carpages.ca/new-cars/saskatchewan/saskatoon/2022-ram-1500-8763194/
36,,2021 Jeep Wrangler,"$63,995",Granite Crystal Metallic,https://www.carpages.ca/used-cars/ontario/mississauga/2021-jeep-wrangler-8761514/
37,,2017 Hyundai Ioniq Hybrid,"$27,500",Grey,https://www.carpages.ca/used-cars/british-columbia/port-moody/2017-hyundai-ioniq-hybrid-8761349/
38,,2022 Jeep Grand Wagoneer,"$98,465",Diamond Black Crystal Pearlcoat,https://www.carpages.ca/new-cars/saskatchewan/saskatoon/2022-jeep-grand-wagoneer-8761247/
39,,2022 Ford F-150,"$89,074",Rapid Red Metallic Tinted Clearcoat,https://www.carpages.ca/new-cars/manitoba/winnipeg/2022-ford-f-150-8761211/
40,,2022 Ford F-150,"$68,815",Antimatter Blue Metallic,https://www.carpages.ca/new-cars/british-columbia/fort-st-john/2022-ford-f-150-8761019/
41,,2017 Toyota Camry,"$31,498",Black,https://www.carpages.ca/used-cars/ontario/st-catharines/2017-toyota-camry-8760695/
42,,2018 Tesla Model S,"$96,589",Pearl White Multi-Coat,https://www.carpages.ca/used-cars/british-columbia/richmond/2018-tesla-model-s-8760401/
43,,2018 BMW X5,"$53,982",Alpine White,https://www.carpages.ca/used-cars/manitoba/winnipeg/2018-bmw-x5-8759648/
44,,2022 Tesla Model Y,"$108,888",White,https://www.carpages.ca/used-cars/ontario/north-york/2022-tesla-model-y-8759552/
45,,2022 Tesla Model Y,"$108,888",White,https://www.carpages.ca/used-cars/ontario/north-york/2022-tesla-model-y-8759549/
46,,2022 Tesla Model Y,"$108,888",Gray,https://www.carpages.ca/used-cars/ontario/north-york/2022-tesla-model-y-8759546/
47,,2020 Mitsubishi Outlander,"$49,900",Red,https://www.carpages.ca/used-cars/ontario/mississauga/2020-mitsubishi-outlander-8759444/
48,,2020 Toyota Highlander,"$69,995",Gray,https://www.carpages.ca/used-cars/british-columbia/abbotsford/2020-toyota-highlander-8759060/
49,,2017 Tesla Model X,"$86,950",Black,https://www.carpages.ca/used-cars/ontario/oakville/2017-tesla-model-x-8758916/
50,,2018 Ford Fusion,"$24,999",Black,https://www.carpages.ca/used-cars/ontario/kitchener/2018-ford-fusion-8758478/
51,,2022 Jeep Wrangler,"$73,275",FIRECRACKER RED,https://www.carpages.ca/new-cars/ontario/guelph/2022-jeep-wrangler-8757923/
52,,2015 Hyundai Sonata,"$19,988",Black,https://www.carpages.ca/used-cars/ontario/guelph/2015-hyundai-sonata-8757836/
53,,2022 Ford F-150,"$83,075",Agate Black,https://www.carpages.ca/new-cars/ontario/mississauga/2022-ford-f-150-8757353/
54,,2019 Ford F-150,"$62,998",White Platinum Metallic Tri-Coat,https://www.carpages.ca/used-cars/ontario/mississauga/2019-ford-f-150-8757089/
55,,2022 Ford Escape,"$53,694",Agate Black Metallic,https://www.carpages.ca/new-cars/british-columbia/abbotsford/2022-ford-escape-8757062/
56,,2022 Ford F-150,"$97,435",STAR WHITE METALLIC TRI-COAT,https://www.carpages.ca/new-cars/british-columbia/abbotsford/2022-ford-f-150-8757059/
57,,2022 Ford Escape,"$53,544",Iced Blue Silver Metallic,https://www.carpages.ca/new-cars/british-columbia/abbotsford/2022-ford-escape-8757032/
58,,2019 Ford Fusion,"$34,988",Gray,https://www.carpages.ca/used-cars/british-columbia/maple-ridge/2019-ford-fusion-8756990/
59,,2021 Toyota Camry,"$46,976",White,https://www.carpages.ca/used-cars/ontario/sudbury/2021-toyota-camry-8756864/
60,,2022 Tesla Model Y,"$109,886",Gray,https://www.carpages.ca/used-cars/british-columbia/abbotsford/2022-tesla-model-y-8756711/
61,,2022 Tesla Model Y,"$107,809",Black,https://www.carpages.ca/used-cars/british-columbia/abbotsford/2022-tesla-model-y-8756708/
62,,2021 Tesla Model 3,"$69,995",White,https://www.carpages.ca/used-cars/british-columbia/vancouver/2021-tesla-model-3-8755925/
63,,2021 Tesla Model Y,"$102,995",,https://www.carpages.ca/used-cars/british-columbia/abbotsford/2021-tesla-model-y-8755892/
64,,2019 BMW i8,"$164,995",E-Copper w/Frozen Grey Highlight,https://www.carpages.ca/used-cars/ontario/brampton/2019-bmw-i8-8755835/
65,,2021 Tesla Model Y,"$85,324",Solid Black,https://www.carpages.ca/used-cars/british-columbia/richmond/2021-tesla-model-y-8755745/
66,,2021 Jeep Wrangler,"$82,880",Black,https://www.carpages.ca/used-cars/british-columbia/surrey/2021-jeep-wrangler-8755715/
67,,2022 Ford Escape,"$42,494",Grey,https://www.carpages.ca/new-cars/alberta/peace-river/2022-ford-escape-8754851/
68,,2022 Hyundai Tucson Hybrid,"$49,999",,https://www.carpages.ca/new-cars/alberta/edmonton/2022-hyundai-tucson-hybrid-8754668/
69,,2022 Hyundai Tucson Hybrid,"$49,999",Grey,https://www.carpages.ca/new-cars/alberta/edmonton/2022-hyundai-tucson-hybrid-8754665/
70,,2020 Lexus UX,"$50,600",,https://www.carpages.ca/used-cars/british-columbia/surrey/2020-lexus-ux-8754047/
71,,2016 Toyota Highlander Hybrid,"$35,995",Black,https://www.carpages.ca/used-cars/ontario/guelph/2016-toyota-highlander-hybrid-8753387/
72,,2016 Chevrolet Malibu,"$19,999",White,https://www.carpages.ca/used-cars/ontario/st-catharines/2016-chevrolet-malibu-8753246/
73,,2022 Mercedes-Benz C-Class,"$64,680",Black,https://www.carpages.ca/new-cars/newfoundland-and-labrador/st-john-s/2022-mercedes-benz-c-class-8752781/
74,,2022 Jeep Grand Wagoneer,"$93,075",Luxury White Pearl,https://www.carpages.ca/new-cars/saskatchewan/saskatoon/2022-jeep-grand-wagoneer-8752730/
75,,2022 Ford F-150,"$79,055",White,https://www.carpages.ca/new-cars/ontario/tilbury/2022-ford-f-150-8752484/
76,,2019 RAM 1500,"$53,808",Gray,https://www.carpages.ca/used-cars/ontario/bolton/2019-ram-1500-8752244/
77,,2022 Ford F-150,"$62,855",White,https://www.carpages.ca/new-cars/alberta/lacombe/2022-ford-f-150-8751440/
78,,2022 Ford F-150,"$65,820",Blue,https://www.carpages.ca/new-cars/alberta/lacombe/2022-ford-f-150-8751428/
79,,2022 Mercedes-Benz C-Class,"$69,779",Graphite Grey Met,https://www.carpages.ca/new-cars/ontario/sudbury/2022-mercedes-benz-c-class-8751227/
80,,2020 Ford F-150,"$42,998",Agate Black,https://www.carpages.ca/used-cars/ontario/mississauga/2020-ford-f-150-8751146/
81,,2021 Ford F-150,"$81,998",Stone Grey Metallic,https://www.carpages.ca/used-cars/ontario/mississauga/2021-ford-f-150-8751143/
82,,2022 Ford F-150,"$83,529",Agate Black,https://www.carpages.ca/new-cars/manitoba/selkirk/2022-ford-f-150-8751095/
83,,2022 Ford F-150,"$78,804",Oxford White,https://www.carpages.ca/new-cars/manitoba/selkirk/2022-ford-f-150-8751080/
84,,2019 Toyota RAV4,"$51,989",Super White,https://www.carpages.ca/used-cars/ontario/nepean/2019-toyota-rav4-8751071/
85,,2022 Jeep Wrangler,"$78,000",Silver Zynith,https://www.carpages.ca/new-cars/british-columbia/surrey/2022-jeep-wrangler-8751005/
86,,2022 Jeep Wrangler,"$75,400",Black Clear Coat,https://www.carpages.ca/new-cars/british-columbia/surrey/2022-jeep-wrangler-8750996/
87,,2022 Chrysler Pacifica,"$70,300",Bright White,https://www.carpages.ca/new-cars/british-columbia/surrey/2022-chrysler-pacifica-8750990/
88,,2022 Tesla Model Y,"$102,986",White,https://www.carpages.ca/used-cars/quebec/saint-jean-sur-richelieu/2022-tesla-model-y-8750357/
89,,2022 Jeep Wrangler,"$70,965",Silver,https://www.carpages.ca/new-cars/alberta/peace-river/2022-jeep-wrangler-8749868/
90,,2022 Jeep Grand Wagoneer,"$92,075",White,https://www.carpages.ca/new-cars/alberta/edmonton/2022-jeep-grand-wagoneer-8749445/
91,,2022 RAM 1500,"$56,750",White,https://www.carpages.ca/new-cars/alberta/edmonton/2022-ram-1500-8749409/
92,,2022 Tesla Model Y,"$109,992",Pearl White Multi-Coat,https://www.carpages.ca/used-cars/manitoba/winnipeg/2022-tesla-model-y-8746199/
93,,2022 Tesla Model Y,"$108,992",Pearl White Multi-Coat,https://www.carpages.ca/used-cars/manitoba/winnipeg/2022-tesla-model-y-8746196/
94,,2021 Ford Escape,"$44,995",Grey,https://www.carpages.ca/used-cars/ontario/london/2021-ford-escape-8745899/
95,,2019 Tesla Model 3,"$62,700",Black,https://www.carpages.ca/used-cars/ontario/oakville/2019-tesla-model-3-8745281/
96,,2020 Tesla Model 3,"$74,950",White,https://www.carpages.ca/used-cars/ontario/oakville/2020-tesla-model-3-8745278/
97,,2010 Lexus RX 450h,"$17,888",Black,https://www.carpages.ca/used-cars/ontario/etobicoke/2010-lexus-rx-450h-8745053/
98,,2022 Ford F-150,"$100,005",Carbonized Grey Metallic,https://www.carpages.ca/new-cars/ontario/hagersville/2022-ford-f-150-8745011/
99,,2022 Ford F-150,"$62,070",White,https://www.carpages.ca/new-cars/british-columbia/surrey/2022-ford-f-150-8771105/
100,,2021 Toyota Prius,"$48,000",Magnetic Grey Metallic,https://www.carpages.ca/used-cars/ontario/waterloo/2021-toyota-prius-8771003/
101,,2010 Ford F-150,"$7,496",Red Candy Dual-Coat Metallic,https://www.carpages.ca/used-cars/ontario/mississauga/2010-ford-f-150-8770736/
102,,2012 Ford F-150,"$21,496",Sterling Grey Metallic,https://www.carpages.ca/used-cars/ontario/mississauga/2012-ford-f-150-8770730/
103,,2020 Kia Soul,"$39,998",Space Green [green],https://www.carpages.ca/used-cars/british-columbia/courtenay/2020-kia-soul-8770544/
104,,2021 Toyota RAV4,"$52,898",Black,https://www.carpages.ca/used-cars/ontario/ottawa/2021-toyota-rav4-8770295/
105,,2021 Tesla Model 3,"$71,995",Grey,https://www.carpages.ca/used-cars/ontario/clarington/2021-tesla-model-3-8770079/
106,,2019 Ford Fusion,"$28,190",Gray,https://www.carpages.ca/used-cars/nova-scotia/yarmouth/2019-ford-fusion-8769779/
107,,2020 Tesla Model 3,"$79,970",Solid Black,https://www.carpages.ca/used-cars/quebec/saint-hubert/2020-tesla-model-3-8769392/
108,,2021 Tesla Model X,"$165,910",Red Multi-Coat,https://www.carpages.ca/used-cars/ontario/vaughan/2021-tesla-model-x-8769359/
109,,2020 Tesla Model 3,"$74,888",White,https://www.carpages.ca/used-cars/manitoba/winnipeg/2020-tesla-model-3-8768636/
110,,2022 Nissan Leaf,"$48,991",Pearl White,https://www.carpages.ca/used-cars/manitoba/winnipeg/2022-nissan-leaf-8768582/
111,,2022 Ford F-150,"$91,675",Antimatter Blue Metallic,https://www.carpages.ca/new-cars/manitoba/winnipeg/2022-ford-f-150-8768468/
112,,2022 Hyundai Santa Fe,"$46,124",Grey,https://www.carpages.ca/new-cars/ontario/midland/2022-hyundai-santa-fe-8768168/
113,,2022 Hyundai Elantra,"$29,324",Cyber Grey,https://www.carpages.ca/new-cars/nova-scotia/port-hawkesbury/2022-hyundai-elantra-8767457/
114,,2022 RAM 1500,"$54,030",Bright White,https://www.carpages.ca/new-cars/saskatchewan/saskatoon/2022-ram-1500-8767265/
115,,2022 RAM 1500,"$74,375",Bright White,https://www.carpages.ca/new-cars/saskatchewan/saskatoon/2022-ram-1500-8767262/
116,,2021 Audi Q7,"$86,000",Orca Black Metallic,https://www.carpages.ca/used-cars/manitoba/winnipeg/2021-audi-q7-8767247/
117,,2018 Toyota RAV4,"$47,980",White,https://www.carpages.ca/used-cars/british-columbia/vancouver/2018-toyota-rav4-8766620/
118,,2022 Honda Accord,"$39,250",Platinum White Pearl,https://www.carpages.ca/new-cars/newfoundland-and-labrador/st-john-s/2022-honda-accord-8766434/
119,,2019 Ford Fusion,"$28,190",Gray,https://www.carpages.ca/used-cars/nova-scotia/dartmouth/2019-ford-fusion-8766200/
120,,2022 Ford MAVERICK,"$37,320",Carbonized Grey Metallic,https://www.carpages.ca/new-cars/saskatchewan/regina/2022-ford-maverick-8766059/
121,,2022 Ford Explorer,"$60,544",Agate Black Metallic,https://www.carpages.ca/new-cars/british-columbia/abbotsford/2022-ford-explorer-8765984/
122,,2019 Hyundai IONIQ,"$43,986",Polar White,https://www.carpages.ca/used-cars/quebec/saint-jean-sur-richelieu/2019-hyundai-ioniq-8765447/
123,,2022 Tesla Model Y,"$113,888",White,https://www.carpages.ca/used-cars/manitoba/winnipeg/2022-tesla-model-y-8764382/
124,,2022 Tesla Model Y,"$113,980",White,https://www.carpages.ca/used-cars/manitoba/winnipeg/2022-tesla-model-y-8764376/
125,,2021 Tesla Model Y,"$101,980",Gray,https://www.carpages.ca/used-cars/manitoba/winnipeg/2021-tesla-model-y-8764373/
126,,2021 Tesla Model Y,"$109,888",Black,https://www.carpages.ca/used-cars/manitoba/winnipeg/2021-tesla-model-y-8764367/
127,,2018 Tesla Model 3,"$76,980",MIDNIGHT SILVER,https://www.carpages.ca/used-cars/manitoba/winnipeg/2018-tesla-model-3-8764358/
128,,2016 BMW X5,"$43,995",White,https://www.carpages.ca/used-cars/ontario/north-york/2016-bmw-x5-8763674/
129,,2022 Tesla Model Y,"$104,995",White,https://www.carpages.ca/used-cars/ontario/scarborough/2022-tesla-model-y-8763623/
130,,2022 Ford F-150,"$76,200",Grey,https://www.carpages.ca/new-cars/manitoba/brandon/2022-ford-f-150-8763221/
131,,2022 Ford F-150,"$65,070",Red,https://www.carpages.ca/new-cars/manitoba/brandon/2022-ford-f-150-8763215/
132,,2022 RAM 1500,"$64,715",Flame red ClearCoat,https://www.carpages.ca/new-cars/saskatchewan/saskatoon/2022-ram-1500-8763197/
133,,2022 RAM 1500,"$65,660",Flame red ClearCoat,https://www.carpages.ca/new-cars/saskatchewan/saskatoon/2022-ram-1500-8763194/
134,,2021 Jeep Wrangler,"$63,995",Granite Crystal Metallic,https://www.carpages.ca/used-cars/ontario/mississauga/2021-jeep-wrangler-8761514/
135,,2017 Hyundai Ioniq Hybrid,"$27,500",Grey,https://www.carpages.ca/used-cars/british-columbia/port-moody/2017-hyundai-ioniq-hybrid-8761349/
136,,2022 Jeep Grand Wagoneer,"$98,465",Diamond Black Crystal Pearlcoat,https://www.carpages.ca/new-cars/saskatchewan/saskatoon/2022-jeep-grand-wagoneer-8761247/
137,,2022 Ford F-150,"$89,074",Rapid Red Metallic Tinted Clearcoat,https://www.carpages.ca/new-cars/manitoba/winnipeg/2022-ford-f-150-8761211/
138,,2022 Ford F-150,"$68,815",Antimatter Blue Metallic,https://www.carpages.ca/new-cars/british-columbia/fort-st-john/2022-ford-f-150-8761019/
139,,2017 Toyota Camry,"$31,498",Black,https://www.carpages.ca/used-cars/ontario/st-catharines/2017-toyota-camry-8760695/
140,,2018 Tesla Model S,"$96,589",Pearl White Multi-Coat,https://www.carpages.ca/used-cars/british-columbia/richmond/2018-tesla-model-s-8760401/
141,,2018 BMW X5,"$53,982",Alpine White,https://www.carpages.ca/used-cars/manitoba/winnipeg/2018-bmw-x5-8759648/
142,,2022 Tesla Model Y,"$108,888",White,https://www.carpages.ca/used-cars/ontario/north-york/2022-tesla-model-y-8759552/
143,,2022 Tesla Model Y,"$108,888",White,https://www.carpages.ca/used-cars/ontario/north-york/2022-tesla-model-y-8759549/
144,,2022 Tesla Model Y,"$108,888",Gray,https://www.carpages.ca/used-cars/ontario/north-york/2022-tesla-model-y-8759546/
145,,2020 Mitsubishi Outlander,"$49,900",Red,https://www.carpages.ca/used-cars/ontario/mississauga/2020-mitsubishi-outlander-8759444/
146,,2020 Toyota Highlander,"$69,995",Gray,https://www.carpages.ca/used-cars/british-columbia/abbotsford/2020-toyota-highlander-8759060/
147,,2017 Tesla Model X,"$86,950",Black,https://www.carpages.ca/used-cars/ontario/oakville/2017-tesla-model-x-8758916/
148,,2018 Ford Fusion,"$24,999",Black,https://www.carpages.ca/used-cars/ontario/kitchener/2018-ford-fusion-8758478/
149,,2022 Jeep Wrangler,"$73,275",FIRECRACKER RED,https://www.carpages.ca/new-cars/ontario/guelph/2022-jeep-wrangler-8757923/
150,,2015 Hyundai Sonata,"$19,988",Black,https://www.carpages.ca/used-cars/ontario/guelph/2015-hyundai-sonata-8757836/
151,,2022 Ford F-150,"$83,075",Agate Black,https://www.carpages.ca/new-cars/ontario/mississauga/2022-ford-f-150-8757353/
152,,2019 Ford F-150,"$62,998",White Platinum Metallic Tri-Coat,https://www.carpages.ca/used-cars/ontario/mississauga/2019-ford-f-150-8757089/
153,,2022 Ford Escape,"$53,694",Agate Black Metallic,https://www.carpages.ca/new-cars/british-columbia/abbotsford/2022-ford-escape-8757062/
154,,2022 Ford F-150,"$97,435",STAR WHITE METALLIC TRI-COAT,https://www.carpages.ca/new-cars/british-columbia/abbotsford/2022-ford-f-150-8757059/
155,,2022 Ford Escape,"$53,544",Iced Blue Silver Metallic,https://www.carpages.ca/new-cars/british-columbia/abbotsford/2022-ford-escape-8757032/
156,,2019 Ford Fusion,"$34,988",Gray,https://www.carpages.ca/used-cars/british-columbia/maple-ridge/2019-ford-fusion-8756990/
157,,2021 Toyota Camry,"$46,976",White,https://www.carpages.ca/used-cars/ontario/sudbury/2021-toyota-camry-8756864/
158,,2022 Tesla Model Y,"$109,886",Gray,https://www.carpages.ca/used-cars/british-columbia/abbotsford/2022-tesla-model-y-8756711/
159,,2022 Tesla Model Y,"$107,809",Black,https://www.carpages.ca/used-cars/british-columbia/abbotsford/2022-tesla-model-y-8756708/
160,,2021 Tesla Model 3,"$69,995",White,https://www.carpages.ca/used-cars/british-columbia/vancouver/2021-tesla-model-3-8755925/
161,,2021 Tesla Model Y,"$102,995",,https://www.carpages.ca/used-cars/british-columbia/abbotsford/2021-tesla-model-y-8755892/
162,,2019 BMW i8,"$164,995",E-Copper w/Frozen Grey Highlight,https://www.carpages.ca/used-cars/ontario/brampton/2019-bmw-i8-8755835/
163,,2021 Tesla Model Y,"$85,324",Solid Black,https://www.carpages.ca/used-cars/british-columbia/richmond/2021-tesla-model-y-8755745/
164,,2021 Jeep Wrangler,"$82,880",Black,https://www.carpages.ca/used-cars/british-columbia/surrey/2021-jeep-wrangler-8755715/
165,,2022 Ford Escape,"$42,494",Grey,https://www.carpages.ca/new-cars/alberta/peace-river/2022-ford-escape-8754851/
166,,2022 Hyundai Tucson Hybrid,"$49,999",,https://www.carpages.ca/new-cars/alberta/edmonton/2022-hyundai-tucson-hybrid-8754668/
167,,2022 Hyundai Tucson Hybrid,"$49,999",Grey,https://www.carpages.ca/new-cars/alberta/edmonton/2022-hyundai-tucson-hybrid-8754665/
168,,2020 Lexus UX,"$50,600",,https://www.carpages.ca/used-cars/british-columbia/surrey/2020-lexus-ux-8754047/
169,,2016 Toyota Highlander Hybrid,"$35,995",Black,https://www.carpages.ca/used-cars/ontario/guelph/2016-toyota-highlander-hybrid-8753387/
170,,2016 Chevrolet Malibu,"$19,999",White,https://www.carpages.ca/used-cars/ontario/st-catharines/2016-chevrolet-malibu-8753246/
171,,2022 Mercedes-Benz C-Class,"$64,680",Black,https://www.carpages.ca/new-cars/newfoundland-and-labrador/st-john-s/2022-mercedes-benz-c-class-8752781/
172,,2022 Jeep Grand Wagoneer,"$93,075",Luxury White Pearl,https://www.carpages.ca/new-cars/saskatchewan/saskatoon/2022-jeep-grand-wagoneer-8752730/
173,,2022 Ford F-150,"$79,055",White,https://www.carpages.ca/new-cars/ontario/tilbury/2022-ford-f-150-8752484/
174,,2019 RAM 1500,"$53,808",Gray,https://www.carpages.ca/used-cars/ontario/bolton/2019-ram-1500-8752244/
175,,2022 Ford F-150,"$62,855",White,https://www.carpages.ca/new-cars/alberta/lacombe/2022-ford-f-150-8751440/
176,,2022 Ford F-150,"$65,820",Blue,https://www.carpages.ca/new-cars/alberta/lacombe/2022-ford-f-150-8751428/
177,,2022 Mercedes-Benz C-Class,"$69,779",Graphite Grey Met,https://www.carpages.ca/new-cars/ontario/sudbury/2022-mercedes-benz-c-class-8751227/
178,,2020 Ford F-150,"$42,998",Agate Black,https://www.carpages.ca/used-cars/ontario/mississauga/2020-ford-f-150-8751146/
179,,2021 Ford F-150,"$81,998",Stone Grey Metallic,https://www.carpages.ca/used-cars/ontario/mississauga/2021-ford-f-150-8751143/
180,,2022 Ford F-150,"$83,529",Agate Black,https://www.carpages.ca/new-cars/manitoba/selkirk/2022-ford-f-150-8751095/
181,,2022 Ford F-150,"$78,804",Oxford White,https://www.carpages.ca/new-cars/manitoba/selkirk/2022-ford-f-150-8751080/
182,,2019 Toyota RAV4,"$51,989",Super White,https://www.carpages.ca/used-cars/ontario/nepean/2019-toyota-rav4-8751071/
183,,2022 Jeep Wrangler,"$78,000",Silver Zynith,https://www.carpages.ca/new-cars/british-columbia/surrey/2022-jeep-wrangler-8751005/
184,,2022 Jeep Wrangler,"$75,400",Black Clear Coat,https://www.carpages.ca/new-cars/british-columbia/surrey/2022-jeep-wrangler-8750996/
185,,2022 Chrysler Pacifica,"$70,300",Bright White,https://www.carpages.ca/new-cars/british-columbia/surrey/2022-chrysler-pacifica-8750990/
186,,2022 Tesla Model Y,"$102,986",White,https://www.carpages.ca/used-cars/quebec/saint-jean-sur-richelieu/2022-tesla-model-y-8750357/
187,,2022 Jeep Wrangler,"$70,965",Silver,https://www.carpages.ca/new-cars/alberta/peace-river/2022-jeep-wrangler-8749868/
188,,2022 Jeep Grand Wagoneer,"$92,075",White,https://www.carpages.ca/new-cars/alberta/edmonton/2022-jeep-grand-wagoneer-8749445/
189,,2022 RAM 1500,"$56,750",White,https://www.carpages.ca/new-cars/alberta/edmonton/2022-ram-1500-8749409/
190,,2022 Tesla Model Y,"$109,992",Pearl White Multi-Coat,https://www.carpages.ca/used-cars/manitoba/winnipeg/2022-tesla-model-y-8746199/
191,,2022 Tesla Model Y,"$108,992",Pearl White Multi-Coat,https://www.carpages.ca/used-cars/manitoba/winnipeg/2022-tesla-model-y-8746196/
192,,2021 Ford Escape,"$44,995",Grey,https://www.carpages.ca/used-cars/ontario/london/2021-ford-escape-8745899/
193,,2019 Tesla Model 3,"$62,700",Black,https://www.carpages.ca/used-cars/ontario/oakville/2019-tesla-model-3-8745281/
194,,2020 Tesla Model 3,"$74,950",White,https://www.carpages.ca/used-cars/ontario/oakville/2020-tesla-model-3-8745278/
195,,2010 Lexus RX 450h,"$17,888",Black,https://www.carpages.ca/used-cars/ontario/etobicoke/2010-lexus-rx-450h-8745053/
196,,2022 Ford F-150,"$100,005",Carbonized Grey Metallic,https://www.carpages.ca/new-cars/ontario/hagersville/2022-ford-f-150-8745011/
197,,2022 Ford F-150,"$62,070",White,https://www.carpages.ca/new-cars/british-columbia/surrey/2022-ford-f-150-8771105/
198,,2021 Toyota Prius,"$48,000",Magnetic Grey Metallic,https://www.carpages.ca/used-cars/ontario/waterloo/2021-toyota-prius-8771003/
199,,2010 Ford F-150,"$7,496",Red Candy Dual-Coat Metallic,https://www.carpages.ca/used-cars/ontario/mississauga/2010-ford-f-150-8770736/
200,,2012 Ford F-150,"$21,496",Sterling Grey Metallic,https://www.carpages.ca/used-cars/ontario/mississauga/2012-ford-f-150-8770730/
201,,2020 Kia Soul,"$39,998",Space Green [green],https://www.carpages.ca/used-cars/british-columbia/courtenay/2020-kia-soul-8770544/
202,,2021 Toyota RAV4,"$52,898",Black,https://www.carpages.ca/used-cars/ontario/ottawa/2021-toyota-rav4-8770295/
203,,2021 Tesla Model 3,"$71,995",Grey,https://www.carpages.ca/used-cars/ontario/clarington/2021-tesla-model-3-8770079/
204,,2019 Ford Fusion,"$28,190",Gray,https://www.carpages.ca/used-cars/nova-scotia/yarmouth/2019-ford-fusion-8769779/
205,,2020 Tesla Model 3,"$79,970",Solid Black,https://www.carpages.ca/used-cars/quebec/saint-hubert/2020-tesla-model-3-8769392/
206,,2021 Tesla Model X,"$165,910",Red Multi-Coat,https://www.carpages.ca/used-cars/ontario/vaughan/2021-tesla-model-x-8769359/
207,,2020 Tesla Model 3,"$74,888",White,https://www.carpages.ca/used-cars/manitoba/winnipeg/2020-tesla-model-3-8768636/
208,,2022 Nissan Leaf,"$48,991",Pearl White,https://www.carpages.ca/used-cars/manitoba/winnipeg/2022-nissan-leaf-8768582/
209,,2022 Ford F-150,"$91,675",Antimatter Blue Metallic,https://www.carpages.ca/new-cars/manitoba/winnipeg/2022-ford-f-150-8768468/
210,,2022 Hyundai Santa Fe,"$46,124",Grey,https://www.carpages.ca/new-cars/ontario/midland/2022-hyundai-santa-fe-8768168/
211,,2022 Hyundai Elantra,"$29,324",Cyber Grey,https://www.carpages.ca/new-cars/nova-scotia/port-hawkesbury/2022-hyundai-elantra-8767457/
212,,2022 RAM 1500,"$54,030",Bright White,https://www.carpages.ca/new-cars/saskatchewan/saskatoon/2022-ram-1500-8767265/
213,,2022 RAM 1500,"$74,375",Bright White,https://www.carpages.ca/new-cars/saskatchewan/saskatoon/2022-ram-1500-8767262/
214,,2021 Audi Q7,"$86,000",Orca Black Metallic,https://www.carpages.ca/used-cars/manitoba/winnipeg/2021-audi-q7-8767247/
215,,2018 Toyota RAV4,"$47,980",White,https://www.carpages.ca/used-cars/british-columbia/vancouver/2018-toyota-rav4-8766620/
216,,2022 Honda Accord,"$39,250",Platinum White Pearl,https://www.carpages.ca/new-cars/newfoundland-and-labrador/st-john-s/2022-honda-accord-8766434/
217,,2019 Ford Fusion,"$28,190",Gray,https://www.carpages.ca/used-cars/nova-scotia/dartmouth/2019-ford-fusion-8766200/
218,,2022 Ford MAVERICK,"$37,320",Carbonized Grey Metallic,https://www.carpages.ca/new-cars/saskatchewan/regina/2022-ford-maverick-8766059/
219,,2022 Ford Explorer,"$60,544",Agate Black Metallic,https://www.carpages.ca/new-cars/british-columbia/abbotsford/2022-ford-explorer-8765984/
220,,2019 Hyundai IONIQ,"$43,986",Polar White,https://www.carpages.ca/used-cars/quebec/saint-jean-sur-richelieu/2019-hyundai-ioniq-8765447/
221,,2022 Tesla Model Y,"$113,888",White,https://www.carpages.ca/used-cars/manitoba/winnipeg/2022-tesla-model-y-8764382/
222,,2022 Tesla Model Y,"$113,980",White,https://www.carpages.ca/used-cars/manitoba/winnipeg/2022-tesla-model-y-8764376/
223,,2021 Tesla Model Y,"$101,980",Gray,https://www.carpages.ca/used-cars/manitoba/winnipeg/2021-tesla-model-y-8764373/
224,,2021 Tesla Model Y,"$109,888",Black,https://www.carpages.ca/used-cars/manitoba/winnipeg/2021-tesla-model-y-8764367/
225,,2018 Tesla Model 3,"$76,980",MIDNIGHT SILVER,https://www.carpages.ca/used-cars/manitoba/winnipeg/2018-tesla-model-3-8764358/
226,,2016 BMW X5,"$43,995",White,https://www.carpages.ca/used-cars/ontario/north-york/2016-bmw-x5-8763674/
227,,2022 Tesla Model Y,"$104,995",White,https://www.carpages.ca/used-cars/ontario/scarborough/2022-tesla-model-y-8763623/
228,,2022 Ford F-150,"$76,200",Grey,https://www.carpages.ca/new-cars/manitoba/brandon/2022-ford-f-150-8763221/
229,,2022 Ford F-150,"$65,070",Red,https://www.carpages.ca/new-cars/manitoba/brandon/2022-ford-f-150-8763215/
230,,2022 RAM 1500,"$64,715",Flame red ClearCoat,https://www.carpages.ca/new-cars/saskatchewan/saskatoon/2022-ram-1500-8763197/
231,,2022 RAM 1500,"$65,660",Flame red ClearCoat,https://www.carpages.ca/new-cars/saskatchewan/saskatoon/2022-ram-1500-8763194/
232,,2021 Jeep Wrangler,"$63,995",Granite Crystal Metallic,https://www.carpages.ca/used-cars/ontario/mississauga/2021-jeep-wrangler-8761514/
233,,2017 Hyundai Ioniq Hybrid,"$27,500",Grey,https://www.carpages.ca/used-cars/british-columbia/port-moody/2017-hyundai-ioniq-hybrid-8761349/
234,,2022 Jeep Grand Wagoneer,"$98,465",Diamond Black Crystal Pearlcoat,https://www.carpages.ca/new-cars/saskatchewan/saskatoon/2022-jeep-grand-wagoneer-8761247/
235,,2022 Ford F-150,"$89,074",Rapid Red Metallic Tinted Clearcoat,https://www.carpages.ca/new-cars/manitoba/winnipeg/2022-ford-f-150-8761211/
236,,2022 Ford F-150,"$68,815",Antimatter Blue Metallic,https://www.carpages.ca/new-cars/british-columbia/fort-st-john/2022-ford-f-150-8761019/
237,,2017 Toyota Camry,"$31,498",Black,https://www.carpages.ca/used-cars/ontario/st-catharines/2017-toyota-camry-8760695/
238,,2018 Tesla Model S,"$96,589",Pearl White Multi-Coat,https://www.carpages.ca/used-cars/british-columbia/richmond/2018-tesla-model-s-8760401/
239,,2018 BMW X5,"$53,982",Alpine White,https://www.carpages.ca/used-cars/manitoba/winnipeg/2018-bmw-x5-8759648/
240,,2022 Tesla Model Y,"$108,888",White,https://www.carpages.ca/used-cars/ontario/north-york/2022-tesla-model-y-8759552/
241,,2022 Tesla Model Y,"$108,888",White,https://www.carpages.ca/used-cars/ontario/north-york/2022-tesla-model-y-8759549/
242,,2022 Tesla Model Y,"$108,888",Gray,https://www.carpages.ca/used-cars/ontario/north-york/2022-tesla-model-y-8759546/
243,,2020 Mitsubishi Outlander,"$49,900",Red,https://www.carpages.ca/used-cars/ontario/mississauga/2020-mitsubishi-outlander-8759444/
244,,2020 Toyota Highlander,"$69,995",Gray,https://www.carpages.ca/used-cars/british-columbia/abbotsford/2020-toyota-highlander-8759060/
245,,2017 Tesla Model X,"$86,950",Black,https://www.carpages.ca/used-cars/ontario/oakville/2017-tesla-model-x-8758916/
246,,2018 Ford Fusion,"$24,999",Black,https://www.carpages.ca/used-cars/ontario/kitchener/2018-ford-fusion-8758478/
247,,2022 Jeep Wrangler,"$73,275",FIRECRACKER RED,https://www.carpages.ca/new-cars/ontario/guelph/2022-jeep-wrangler-8757923/
248,,2015 Hyundai Sonata,"$19,988",Black,https://www.carpages.ca/used-cars/ontario/guelph/2015-hyundai-sonata-8757836/
249,,2022 Ford F-150,"$83,075",Agate Black,https://www.carpages.ca/new-cars/ontario/mississauga/2022-ford-f-150-8757353/
250,,2019 Ford F-150,"$62,998",White Platinum Metallic Tri-Coat,https://www.carpages.ca/used-cars/ontario/mississauga/2019-ford-f-150-8757089/
251,,2022 Ford Escape,"$53,694",Agate Black Metallic,https://www.carpages.ca/new-cars/british-columbia/abbotsford/2022-ford-escape-8757062/
252,,2022 Ford F-150,"$97,435",STAR WHITE METALLIC TRI-COAT,https://www.carpages.ca/new-cars/british-columbia/abbotsford/2022-ford-f-150-8757059/
253,,2022 Ford Escape,"$53,544",Iced Blue Silver Metallic,https://www.carpages.ca/new-cars/british-columbia/abbotsford/2022-ford-escape-8757032/
254,,2019 Ford Fusion,"$34,988",Gray,https://www.carpages.ca/used-cars/british-columbia/maple-ridge/2019-ford-fusion-8756990/
255,,2021 Toyota Camry,"$46,976",White,https://www.carpages.ca/used-cars/ontario/sudbury/2021-toyota-camry-8756864/
256,,2022 Tesla Model Y,"$109,886",Gray,https://www.carpages.ca/used-cars/british-columbia/abbotsford/2022-tesla-model-y-8756711/
257,,2022 Tesla Model Y,"$107,809",Black,https://www.carpages.ca/used-cars/british-columbia/abbotsford/2022-tesla-model-y-8756708/
258,,2021 Tesla Model 3,"$69,995",White,https://www.carpages.ca/used-cars/british-columbia/vancouver/2021-tesla-model-3-8755925/
259,,2021 Tesla Model Y,"$102,995",,https://www.carpages.ca/used-cars/british-columbia/abbotsford/2021-tesla-model-y-8755892/
260,,2019 BMW i8,"$164,995",E-Copper w/Frozen Grey Highlight,https://www.carpages.ca/used-cars/ontario/brampton/2019-bmw-i8-8755835/
261,,2021 Tesla Model Y,"$85,324",Solid Black,https://www.carpages.ca/used-cars/british-columbia/richmond/2021-tesla-model-y-8755745/
262,,2021 Jeep Wrangler,"$82,880",Black,https://www.carpages.ca/used-cars/british-columbia/surrey/2021-jeep-wrangler-8755715/
263,,2022 Ford Escape,"$42,494",Grey,https://www.carpages.ca/new-cars/alberta/peace-river/2022-ford-escape-8754851/
264,,2022 Hyundai Tucson Hybrid,"$49,999",,https://www.carpages.ca/new-cars/alberta/edmonton/2022-hyundai-tucson-hybrid-8754668/
265,,2022 Hyundai Tucson Hybrid,"$49,999",Grey,https://www.carpages.ca/new-cars/alberta/edmonton/2022-hyundai-tucson-hybrid-8754665/
266,,2020 Lexus UX,"$50,600",,https://www.carpages.ca/used-cars/british-columbia/surrey/2020-lexus-ux-8754047/
267,,2016 Toyota Highlander Hybrid,"$35,995",Black,https://www.carpages.ca/used-cars/ontario/guelph/2016-toyota-highlander-hybrid-8753387/
268,,2016 Chevrolet Malibu,"$19,999",White,https://www.carpages.ca/used-cars/ontario/st-catharines/2016-chevrolet-malibu-8753246/
269,,2022 Mercedes-Benz C-Class,"$64,680",Black,https://www.carpages.ca/new-cars/newfoundland-and-labrador/st-john-s/2022-mercedes-benz-c-class-8752781/
270,,2022 Jeep Grand Wagoneer,"$93,075",Luxury White Pearl,https://www.carpages.ca/new-cars/saskatchewan/saskatoon/2022-jeep-grand-wagoneer-8752730/
271,,2022 Ford F-150,"$79,055",White,https://www.carpages.ca/new-cars/ontario/tilbury/2022-ford-f-150-8752484/
272,,2019 RAM 1500,"$53,808",Gray,https://www.carpages.ca/used-cars/ontario/bolton/2019-ram-1500-8752244/
273,,2022 Ford F-150,"$62,855",White,https://www.carpages.ca/new-cars/alberta/lacombe/2022-ford-f-150-8751440/
274,,2022 Ford F-150,"$65,820",Blue,https://www.carpages.ca/new-cars/alberta/lacombe/2022-ford-f-150-8751428/
275,,2022 Mercedes-Benz C-Class,"$69,779",Graphite Grey Met,https://www.carpages.ca/new-cars/ontario/sudbury/2022-mercedes-benz-c-class-8751227/
276,,2020 Ford F-150,"$42,998",Agate Black,https://www.carpages.ca/used-cars/ontario/mississauga/2020-ford-f-150-8751146/
277,,2021 Ford F-150,"$81,998",Stone Grey Metallic,https://www.carpages.ca/used-cars/ontario/mississauga/2021-ford-f-150-8751143/
278,,2022 Ford F-150,"$83,529",Agate Black,https://www.carpages.ca/new-cars/manitoba/selkirk/2022-ford-f-150-8751095/
279,,2022 Ford F-150,"$78,804",Oxford White,https://www.carpages.ca/new-cars/manitoba/selkirk/2022-ford-f-150-8751080/
280,,2019 Toyota RAV4,"$51,989",Super White,https://www.carpages.ca/used-cars/ontario/nepean/2019-toyota-rav4-8751071/
281,,2022 Jeep Wrangler,"$78,000",Silver Zynith,https://www.carpages.ca/new-cars/british-columbia/surrey/2022-jeep-wrangler-8751005/
282,,2022 Jeep Wrangler,"$75,400",Black Clear Coat,https://www.carpages.ca/new-cars/british-columbia/surrey/2022-jeep-wrangler-8750996/
283,,2022 Chrysler Pacifica,"$70,300",Bright White,https://www.carpages.ca/new-cars/british-columbia/surrey/2022-chrysler-pacifica-8750990/
284,,2022 Tesla Model Y,"$102,986",White,https://www.carpages.ca/used-cars/quebec/saint-jean-sur-richelieu/2022-tesla-model-y-8750357/
285,,2022 Jeep Wrangler,"$70,965",Silver,https://www.carpages.ca/new-cars/alberta/peace-river/2022-jeep-wrangler-8749868/
286,,2022 Jeep Grand Wagoneer,"$92,075",White,https://www.carpages.ca/new-cars/alberta/edmonton/2022-jeep-grand-wagoneer-8749445/
287,,2022 RAM 1500,"$56,750",White,https://www.carpages.ca/new-cars/alberta/edmonton/2022-ram-1500-8749409/
288,,2022 Tesla Model Y,"$109,992",Pearl White Multi-Coat,https://www.carpages.ca/used-cars/manitoba/winnipeg/2022-tesla-model-y-8746199/
289,,2022 Tesla Model Y,"$108,992",Pearl White Multi-Coat,https://www.carpages.ca/used-cars/manitoba/winnipeg/2022-tesla-model-y-8746196/
290,,2021 Ford Escape,"$44,995",Grey,https://www.carpages.ca/used-cars/ontario/london/2021-ford-escape-8745899/
291,,2019 Tesla Model 3,"$62,700",Black,https://www.carpages.ca/used-cars/ontario/oakville/2019-tesla-model-3-8745281/
292,,2020 Tesla Model 3,"$74,950",White,https://www.carpages.ca/used-cars/ontario/oakville/2020-tesla-model-3-8745278/
293,,2010 Lexus RX 450h,"$17,888",Black,https://www.carpages.ca/used-cars/ontario/etobicoke/2010-lexus-rx-450h-8745053/
294,,2022 Ford F-150,"$100,005",Carbonized Grey Metallic,https://www.carpages.ca/new-cars/ontario/hagersville/2022-ford-f-150-8745011/
295,,2022 Ford F-150,"$62,070",White,https://www.carpages.ca/new-cars/british-columbia/surrey/2022-ford-f-150-8771105/
296,,2021 Toyota Prius,"$48,000",Magnetic Grey Metallic,https://www.carpages.ca/used-cars/ontario/waterloo/2021-toyota-prius-8771003/
297,,2010 Ford F-150,"$7,496",Red Candy Dual-Coat Metallic,https://www.carpages.ca/used-cars/ontario/mississauga/2010-ford-f-150-8770736/
298,,2012 Ford F-150,"$21,496",Sterling Grey Metallic,https://www.carpages.ca/used-cars/ontario/mississauga/2012-ford-f-150-8770730/
299,,2020 Kia Soul,"$39,998",Space Green [green],https://www.carpages.ca/used-cars/british-columbia/courtenay/2020-kia-soul-8770544/
300,,2021 Toyota RAV4,"$52,898",Black,https://www.carpages.ca/used-cars/ontario/ottawa/2021-toyota-rav4-8770295/
301,,2021 Tesla Model 3,"$71,995",Grey,https://www.carpages.ca/used-cars/ontario/clarington/2021-tesla-model-3-8770079/
302,,2019 Ford Fusion,"$28,190",Gray,https://www.carpages.ca/used-cars/nova-scotia/yarmouth/2019-ford-fusion-8769779/
303,,2020 Tesla Model 3,"$79,970",Solid Black,https://www.carpages.ca/used-cars/quebec/saint-hubert/2020-tesla-model-3-8769392/
304,,2021 Tesla Model X,"$165,910",Red Multi-Coat,https://www.carpages.ca/used-cars/ontario/vaughan/2021-tesla-model-x-8769359/
305,,2020 Tesla Model 3,"$74,888",White,https://www.carpages.ca/used-cars/manitoba/winnipeg/2020-tesla-model-3-8768636/
306,,2022 Nissan Leaf,"$48,991",Pearl White,https://www.carpages.ca/used-cars/manitoba/winnipeg/2022-nissan-leaf-8768582/
307,,2022 Ford F-150,"$91,675",Antimatter Blue Metallic,https://www.carpages.ca/new-cars/manitoba/winnipeg/2022-ford-f-150-8768468/
308,,2022 Hyundai Santa Fe,"$46,124",Grey,https://www.carpages.ca/new-cars/ontario/midland/2022-hyundai-santa-fe-8768168/
309,,2022 Hyundai Elantra,"$29,324",Cyber Grey,https://www.carpages.ca/new-cars/nova-scotia/port-hawkesbury/2022-hyundai-elantra-8767457/
310,,2022 RAM 1500,"$54,030",Bright White,https://www.carpages.ca/new-cars/saskatchewan/saskatoon/2022-ram-1500-8767265/
311,,2022 RAM 1500,"$74,375",Bright White,https://www.carpages.ca/new-cars/saskatchewan/saskatoon/2022-ram-1500-8767262/
312,,2021 Audi Q7,"$86,000",Orca Black Metallic,https://www.carpages.ca/used-cars/manitoba/winnipeg/2021-audi-q7-8767247/
313,,2018 Toyota RAV4,"$47,980",White,https://www.carpages.ca/used-cars/british-columbia/vancouver/2018-toyota-rav4-8766620/
314,,2022 Honda Accord,"$39,250",Platinum White Pearl,https://www.carpages.ca/new-cars/newfoundland-and-labrador/st-john-s/2022-honda-accord-8766434/
315,,2019 Ford Fusion,"$28,190",Gray,https://www.carpages.ca/used-cars/nova-scotia/dartmouth/2019-ford-fusion-8766200/
316,,2022 Ford MAVERICK,"$37,320",Carbonized Grey Metallic,https://www.carpages.ca/new-cars/saskatchewan/regina/2022-ford-maverick-8766059/
317,,2022 Ford Explorer,"$60,544",Agate Black Metallic,https://www.carpages.ca/new-cars/british-columbia/abbotsford/2022-ford-explorer-8765984/
318,,2019 Hyundai IONIQ,"$43,986",Polar White,https://www.carpages.ca/used-cars/quebec/saint-jean-sur-richelieu/2019-hyundai-ioniq-8765447/
319,,2022 Tesla Model Y,"$113,888",White,https://www.carpages.ca/used-cars/manitoba/winnipeg/2022-tesla-model-y-8764382/
320,,2022 Tesla Model Y,"$113,980",White,https://www.carpages.ca/used-cars/manitoba/winnipeg/2022-tesla-model-y-8764376/
321,,2021 Tesla Model Y,"$101,980",Gray,https://www.carpages.ca/used-cars/manitoba/winnipeg/2021-tesla-model-y-8764373/
322,,2021 Tesla Model Y,"$109,888",Black,https://www.carpages.ca/used-cars/manitoba/winnipeg/2021-tesla-model-y-8764367/
323,,2018 Tesla Model 3,"$76,980",MIDNIGHT SILVER,https://www.carpages.ca/used-cars/manitoba/winnipeg/2018-tesla-model-3-8764358/
324,,2016 BMW X5,"$43,995",White,https://www.carpages.ca/used-cars/ontario/north-york/2016-bmw-x5-8763674/
325,,2022 Tesla Model Y,"$104,995",White,https://www.carpages.ca/used-cars/ontario/scarborough/2022-tesla-model-y-8763623/
326,,2022 Ford F-150,"$76,200",Grey,https://www.carpages.ca/new-cars/manitoba/brandon/2022-ford-f-150-8763221/
327,,2022 Ford F-150,"$65,070",Red,https://www.carpages.ca/new-cars/manitoba/brandon/2022-ford-f-150-8763215/
328,,2022 RAM 1500,"$64,715",Flame red ClearCoat,https://www.carpages.ca/new-cars/saskatchewan/saskatoon/2022-ram-1500-8763197/
329,,2022 RAM 1500,"$65,660",Flame red ClearCoat,https://www.carpages.ca/new-cars/saskatchewan/saskatoon/2022-ram-1500-8763194/
330,,2021 Jeep Wrangler,"$63,995",Granite Crystal Metallic,https://www.carpages.ca/used-cars/ontario/mississauga/2021-jeep-wrangler-8761514/
331,,2017 Hyundai Ioniq Hybrid,"$27,500",Grey,https://www.carpages.ca/used-cars/british-columbia/port-moody/2017-hyundai-ioniq-hybrid-8761349/
332,,2022 Jeep Grand Wagoneer,"$98,465",Diamond Black Crystal Pearlcoat,https://www.carpages.ca/new-cars/saskatchewan/saskatoon/2022-jeep-grand-wagoneer-8761247/
333,,2022 Ford F-150,"$89,074",Rapid Red Metallic Tinted Clearcoat,https://www.carpages.ca/new-cars/manitoba/winnipeg/2022-ford-f-150-8761211/
334,,2022 Ford F-150,"$68,815",Antimatter Blue Metallic,https://www.carpages.ca/new-cars/british-columbia/fort-st-john/2022-ford-f-150-8761019/
335,,2017 Toyota Camry,"$31,498",Black,https://www.carpages.ca/used-cars/ontario/st-catharines/2017-toyota-camry-8760695/
336,,2018 Tesla Model S,"$96,589",Pearl White Multi-Coat,https://www.carpages.ca/used-cars/british-columbia/richmond/2018-tesla-model-s-8760401/
337,,2018 BMW X5,"$53,982",Alpine White,https://www.carpages.ca/used-cars/manitoba/winnipeg/2018-bmw-x5-8759648/
338,,2022 Tesla Model Y,"$108,888",White,https://www.carpages.ca/used-cars/ontario/north-york/2022-tesla-model-y-8759552/
339,,2022 Tesla Model Y,"$108,888",White,https://www.carpages.ca/used-cars/ontario/north-york/2022-tesla-model-y-8759549/
340,,2022 Tesla Model Y,"$108,888",Gray,https://www.carpages.ca/used-cars/ontario/north-york/2022-tesla-model-y-8759546/
341,,2020 Mitsubishi Outlander,"$49,900",Red,https://www.carpages.ca/used-cars/ontario/mississauga/2020-mitsubishi-outlander-8759444/
342,,2020 Toyota Highlander,"$69,995",Gray,https://www.carpages.ca/used-cars/british-columbia/abbotsford/2020-toyota-highlander-8759060/
343,,2017 Tesla Model X,"$86,950",Black,https://www.carpages.ca/used-cars/ontario/oakville/2017-tesla-model-x-8758916/
344,,2018 Ford Fusion,"$24,999",Black,https://www.carpages.ca/used-cars/ontario/kitchener/2018-ford-fusion-8758478/
345,,2022 Jeep Wrangler,"$73,275",FIRECRACKER RED,https://www.carpages.ca/new-cars/ontario/guelph/2022-jeep-wrangler-8757923/
346,,2015 Hyundai Sonata,"$19,988",Black,https://www.carpages.ca/used-cars/ontario/guelph/2015-hyundai-sonata-8757836/
347,,2022 Ford F-150,"$83,075",Agate Black,https://www.carpages.ca/new-cars/ontario/mississauga/2022-ford-f-150-8757353/
348,,2019 Ford F-150,"$62,998",White Platinum Metallic Tri-Coat,https://www.carpages.ca/used-cars/ontario/mississauga/2019-ford-f-150-8757089/
349,,2022 Ford Escape,"$53,694",Agate Black Metallic,https://www.carpages.ca/new-cars/british-columbia/abbotsford/2022-ford-escape-8757062/
350,,2022 Ford F-150,"$97,435",STAR WHITE METALLIC TRI-COAT,https://www.carpages.ca/new-cars/british-columbia/abbotsford/2022-ford-f-150-8757059/
351,,2022 Ford Escape,"$53,544",Iced Blue Silver Metallic,https://www.carpages.ca/new-cars/british-columbia/abbotsford/2022-ford-escape-8757032/
352,,2019 Ford Fusion,"$34,988",Gray,https://www.carpages.ca/used-cars/british-columbia/maple-ridge/2019-ford-fusion-8756990/
353,,2021 Toyota Camry,"$46,976",White,https://www.carpages.ca/used-cars/ontario/sudbury/2021-toyota-camry-8756864/
354,,2022 Tesla Model Y,"$109,886",Gray,https://www.carpages.ca/used-cars/british-columbia/abbotsford/2022-tesla-model-y-8756711/
355,,2022 Tesla Model Y,"$107,809",Black,https://www.carpages.ca/used-cars/british-columbia/abbotsford/2022-tesla-model-y-8756708/
356,,2021 Tesla Model 3,"$69,995",White,https://www.carpages.ca/used-cars/british-columbia/vancouver/2021-tesla-model-3-8755925/
357,,2021 Tesla Model Y,"$102,995",,https://www.carpages.ca/used-cars/british-columbia/abbotsford/2021-tesla-model-y-8755892/
358,,2019 BMW i8,"$164,995",E-Copper w/Frozen Grey Highlight,https://www.carpages.ca/used-cars/ontario/brampton/2019-bmw-i8-8755835/
359,,2021 Tesla Model Y,"$85,324",Solid Black,https://www.carpages.ca/used-cars/british-columbia/richmond/2021-tesla-model-y-8755745/
360,,2021 Jeep Wrangler,"$82,880",Black,https://www.carpages.ca/used-cars/british-columbia/surrey/2021-jeep-wrangler-8755715/
361,,2022 Ford Escape,"$42,494",Grey,https://www.carpages.ca/new-cars/alberta/peace-river/2022-ford-escape-8754851/
362,,2022 Hyundai Tucson Hybrid,"$49,999",,https://www.carpages.ca/new-cars/alberta/edmonton/2022-hyundai-tucson-hybrid-8754668/
363,,2022 Hyundai Tucson Hybrid,"$49,999",Grey,https://www.carpages.ca/new-cars/alberta/edmonton/2022-hyundai-tucson-hybrid-8754665/
364,,2020 Lexus UX,"$50,600",,https://www.carpages.ca/used-cars/british-columbia/surrey/2020-lexus-ux-8754047/
365,,2016 Toyota Highlander Hybrid,"$35,995",Black,https://www.carpages.ca/used-cars/ontario/guelph/2016-toyota-highlander-hybrid-8753387/
366,,2016 Chevrolet Malibu,"$19,999",White,https://www.carpages.ca/used-cars/ontario/st-catharines/2016-chevrolet-malibu-8753246/
367,,2022 Mercedes-Benz C-Class,"$64,680",Black,https://www.carpages.ca/new-cars/newfoundland-and-labrador/st-john-s/2022-mercedes-benz-c-class-8752781/
368,,2022 Jeep Grand Wagoneer,"$93,075",Luxury White Pearl,https://www.carpages.ca/new-cars/saskatchewan/saskatoon/2022-jeep-grand-wagoneer-8752730/
369,,2022 Ford F-150,"$79,055",White,https://www.carpages.ca/new-cars/ontario/tilbury/2022-ford-f-150-8752484/
370,,2019 RAM 1500,"$53,808",Gray,https://www.carpages.ca/used-cars/ontario/bolton/2019-ram-1500-8752244/
371,,2022 Ford F-150,"$62,855",White,https://www.carpages.ca/new-cars/alberta/lacombe/2022-ford-f-150-8751440/
372,,2022 Ford F-150,"$65,820",Blue,https://www.carpages.ca/new-cars/alberta/lacombe/2022-ford-f-150-8751428/
373,,2022 Mercedes-Benz C-Class,"$69,779",Graphite Grey Met,https://www.carpages.ca/new-cars/ontario/sudbury/2022-mercedes-benz-c-class-8751227/
374,,2020 Ford F-150,"$42,998",Agate Black,https://www.carpages.ca/used-cars/ontario/mississauga/2020-ford-f-150-8751146/
375,,2021 Ford F-150,"$81,998",Stone Grey Metallic,https://www.carpages.ca/used-cars/ontario/mississauga/2021-ford-f-150-8751143/
376,,2022 Ford F-150,"$83,529",Agate Black,https://www.carpages.ca/new-cars/manitoba/selkirk/2022-ford-f-150-8751095/
377,,2022 Ford F-150,"$78,804",Oxford White,https://www.carpages.ca/new-cars/manitoba/selkirk/2022-ford-f-150-8751080/
378,,2019 Toyota RAV4,"$51,989",Super White,https://www.carpages.ca/used-cars/ontario/nepean/2019-toyota-rav4-8751071/
379,,2022 Jeep Wrangler,"$78,000",Silver Zynith,https://www.carpages.ca/new-cars/british-columbia/surrey/2022-jeep-wrangler-8751005/
380,,2022 Jeep Wrangler,"$75,400",Black Clear Coat,https://www.carpages.ca/new-cars/british-columbia/surrey/2022-jeep-wrangler-8750996/
381,,2022 Chrysler Pacifica,"$70,300",Bright White,https://www.carpages.ca/new-cars/british-columbia/surrey/2022-chrysler-pacifica-8750990/
382,,2022 Tesla Model Y,"$102,986",White,https://www.carpages.ca/used-cars/quebec/saint-jean-sur-richelieu/2022-tesla-model-y-8750357/
383,,2022 Jeep Wrangler,"$70,965",Silver,https://www.carpages.ca/new-cars/alberta/peace-river/2022-jeep-wrangler-8749868/
384,,2022 Jeep Grand Wagoneer,"$92,075",White,https://www.carpages.ca/new-cars/alberta/edmonton/2022-jeep-grand-wagoneer-8749445/
385,,2022 RAM 1500,"$56,750",White,https://www.carpages.ca/new-cars/alberta/edmonton/2022-ram-1500-8749409/
386,,2022 Tesla Model Y,"$109,992",Pearl White Multi-Coat,https://www.carpages.ca/used-cars/manitoba/winnipeg/2022-tesla-model-y-8746199/
387,,2022 Tesla Model Y,"$108,992",Pearl White Multi-Coat,https://www.carpages.ca/used-cars/manitoba/winnipeg/2022-tesla-model-y-8746196/
388,,2021 Ford Escape,"$44,995",Grey,https://www.carpages.ca/used-cars/ontario/london/2021-ford-escape-8745899/
389,,2019 Tesla Model 3,"$62,700",Black,https://www.carpages.ca/used-cars/ontario/oakville/2019-tesla-model-3-8745281/
390,,2020 Tesla Model 3,"$74,950",White,https://www.carpages.ca/used-cars/ontario/oakville/2020-tesla-model-3-8745278/
391,,2010 Lexus RX 450h,"$17,888",Black,https://www.carpages.ca/used-cars/ontario/etobicoke/2010-lexus-rx-450h-8745053/
392,,2022 Ford F-150,"$100,005",Carbonized Grey Metallic,https://www.carpages.ca/new-cars/ontario/hagersville/2022-ford-f-150-8745011/
393,,2022 Ford F-150,"$62,070",White,https://www.carpages.ca/new-cars/british-columbia/surrey/2022-ford-f-150-8771105/
394,,2021 Toyota Prius,"$48,000",Magnetic Grey Metallic,https://www.carpages.ca/used-cars/ontario/waterloo/2021-toyota-prius-8771003/
395,,2010 Ford F-150,"$7,496",Red Candy Dual-Coat Metallic,https://www.carpages.ca/used-cars/ontario/mississauga/2010-ford-f-150-8770736/
396,,2012 Ford F-150,"$21,496",Sterling Grey Metallic,https://www.carpages.ca/used-cars/ontario/mississauga/2012-ford-f-150-8770730/
397,,2020 Kia Soul,"$39,998",Space Green [green],https://www.carpages.ca/used-cars/british-columbia/courtenay/2020-kia-soul-8770544/
398,,2021 Toyota RAV4,"$52,898",Black,https://www.carpages.ca/used-cars/ontario/ottawa/2021-toyota-rav4-8770295/
399,,2021 Tesla Model 3,"$71,995",Grey,https://www.carpages.ca/used-cars/ontario/clarington/2021-tesla-model-3-8770079/
400,,2019 Ford Fusion,"$28,190",Gray,https://www.carpages.ca/used-cars/nova-scotia/yarmouth/2019-ford-fusion-8769779/
401,,2020 Tesla Model 3,"$79,970",Solid Black,https://www.carpages.ca/used-cars/quebec/saint-hubert/2020-tesla-model-3-8769392/
402,,2021 Tesla Model X,"$165,910",Red Multi-Coat,https://www.carpages.ca/used-cars/ontario/vaughan/2021-tesla-model-x-8769359/
403,,2020 Tesla Model 3,"$74,888",White,https://www.carpages.ca/used-cars/manitoba/winnipeg/2020-tesla-model-3-8768636/
404,,2022 Nissan Leaf,"$48,991",Pearl White,https://www.carpages.ca/used-cars/manitoba/winnipeg/2022-nissan-leaf-8768582/
405,,2022 Ford F-150,"$91,675",Antimatter Blue Metallic,https://www.carpages.ca/new-cars/manitoba/winnipeg/2022-ford-f-150-8768468/
406,,2022 Hyundai Santa Fe,"$46,124",Grey,https://www.carpages.ca/new-cars/ontario/midland/2022-hyundai-santa-fe-8768168/
407,,2022 Hyundai Elantra,"$29,324",Cyber Grey,https://www.carpages.ca/new-cars/nova-scotia/port-hawkesbury/2022-hyundai-elantra-8767457/
408,,2022 RAM 1500,"$54,030",Bright White,https://www.carpages.ca/new-cars/saskatchewan/saskatoon/2022-ram-1500-8767265/
409,,2022 RAM 1500,"$74,375",Bright White,https://www.carpages.ca/new-cars/saskatchewan/saskatoon/2022-ram-1500-8767262/
410,,2021 Audi Q7,"$86,000",Orca Black Metallic,https://www.carpages.ca/used-cars/manitoba/winnipeg/2021-audi-q7-8767247/
411,,2018 Toyota RAV4,"$47,980",White,https://www.carpages.ca/used-cars/british-columbia/vancouver/2018-toyota-rav4-8766620/
412,,2022 Honda Accord,"$39,250",Platinum White Pearl,https://www.carpages.ca/new-cars/newfoundland-and-labrador/st-john-s/2022-honda-accord-8766434/
413,,2019 Ford Fusion,"$28,190",Gray,https://www.carpages.ca/used-cars/nova-scotia/dartmouth/2019-ford-fusion-8766200/
414,,2022 Ford MAVERICK,"$37,320",Carbonized Grey Metallic,https://www.carpages.ca/new-cars/saskatchewan/regina/2022-ford-maverick-8766059/
415,,2022 Ford Explorer,"$60,544",Agate Black Metallic,https://www.carpages.ca/new-cars/british-columbia/abbotsford/2022-ford-explorer-8765984/
416,,2019 Hyundai IONIQ,"$43,986",Polar White,https://www.carpages.ca/used-cars/quebec/saint-jean-sur-richelieu/2019-hyundai-ioniq-8765447/
417,,2022 Tesla Model Y,"$113,888",White,https://www.carpages.ca/used-cars/manitoba/winnipeg/2022-tesla-model-y-8764382/
418,,2022 Tesla Model Y,"$113,980",White,https://www.carpages.ca/used-cars/manitoba/winnipeg/2022-tesla-model-y-8764376/
419,,2021 Tesla Model Y,"$101,980",Gray,https://www.carpages.ca/used-cars/manitoba/winnipeg/2021-tesla-model-y-8764373/
420,,2021 Tesla Model Y,"$109,888",Black,https://www.carpages.ca/used-cars/manitoba/winnipeg/2021-tesla-model-y-8764367/
421,,2018 Tesla Model 3,"$76,980",MIDNIGHT SILVER,https://www.carpages.ca/used-cars/manitoba/winnipeg/2018-tesla-model-3-8764358/
422,,2016 BMW X5,"$43,995",White,https://www.carpages.ca/used-cars/ontario/north-york/2016-bmw-x5-8763674/
423,,2022 Tesla Model Y,"$104,995",White,https://www.carpages.ca/used-cars/ontario/scarborough/2022-tesla-model-y-8763623/
424,,2022 Ford F-150,"$76,200",Grey,https://www.carpages.ca/new-cars/manitoba/brandon/2022-ford-f-150-8763221/
425,,2022 Ford F-150,"$65,070",Red,https://www.carpages.ca/new-cars/manitoba/brandon/2022-ford-f-150-8763215/
426,,2022 RAM 1500,"$64,715",Flame red ClearCoat,https://www.carpages.ca/new-cars/saskatchewan/saskatoon/2022-ram-1500-8763197/
427,,2022 RAM 1500,"$65,660",Flame red ClearCoat,https://www.carpages.ca/new-cars/saskatchewan/saskatoon/2022-ram-1500-8763194/
428,,2021 Jeep Wrangler,"$63,995",Granite Crystal Metallic,https://www.carpages.ca/used-cars/ontario/mississauga/2021-jeep-wrangler-8761514/
429,,2017 Hyundai Ioniq Hybrid,"$27,500",Grey,https://www.carpages.ca/used-cars/british-columbia/port-moody/2017-hyundai-ioniq-hybrid-8761349/
430,,2022 Jeep Grand Wagoneer,"$98,465",Diamond Black Crystal Pearlcoat,https://www.carpages.ca/new-cars/saskatchewan/saskatoon/2022-jeep-grand-wagoneer-8761247/
431,,2022 Ford F-150,"$89,074",Rapid Red Metallic Tinted Clearcoat,https://www.carpages.ca/new-cars/manitoba/winnipeg/2022-ford-f-150-8761211/
432,,2022 Ford F-150,"$68,815",Antimatter Blue Metallic,https://www.carpages.ca/new-cars/british-columbia/fort-st-john/2022-ford-f-150-8761019/
433,,2017 Toyota Camry,"$31,498",Black,https://www.carpages.ca/used-cars/ontario/st-catharines/2017-toyota-camry-8760695/
434,,2018 Tesla Model S,"$96,589",Pearl White Multi-Coat,https://www.carpages.ca/used-cars/british-columbia/richmond/2018-tesla-model-s-8760401/
435,,2018 BMW X5,"$53,982",Alpine White,https://www.carpages.ca/used-cars/manitoba/winnipeg/2018-bmw-x5-8759648/
436,,2022 Tesla Model Y,"$108,888",White,https://www.carpages.ca/used-cars/ontario/north-york/2022-tesla-model-y-8759552/
437,,2022 Tesla Model Y,"$108,888",White,https://www.carpages.ca/used-cars/ontario/north-york/2022-tesla-model-y-8759549/
438,,2022 Tesla Model Y,"$108,888",Gray,https://www.carpages.ca/used-cars/ontario/north-york/2022-tesla-model-y-8759546/
439,,2020 Mitsubishi Outlander,"$49,900",Red,https://www.carpages.ca/used-cars/ontario/mississauga/2020-mitsubishi-outlander-8759444/
440,,2020 Toyota Highlander,"$69,995",Gray,https://www.carpages.ca/used-cars/british-columbia/abbotsford/2020-toyota-highlander-8759060/
441,,2017 Tesla Model X,"$86,950",Black,https://www.carpages.ca/used-cars/ontario/oakville/2017-tesla-model-x-8758916/
442,,2018 Ford Fusion,"$24,999",Black,https://www.carpages.ca/used-cars/ontario/kitchener/2018-ford-fusion-8758478/
443,,2022 Jeep Wrangler,"$73,275",FIRECRACKER RED,https://www.carpages.ca/new-cars/ontario/guelph/2022-jeep-wrangler-8757923/
444,,2015 Hyundai Sonata,"$19,988",Black,https://www.carpages.ca/used-cars/ontario/guelph/2015-hyundai-sonata-8757836/
445,,2022 Ford F-150,"$83,075",Agate Black,https://www.carpages.ca/new-cars/ontario/mississauga/2022-ford-f-150-8757353/
446,,2019 Ford F-150,"$62,998",White Platinum Metallic Tri-Coat,https://www.carpages.ca/used-cars/ontario/mississauga/2019-ford-f-150-8757089/
447,,2022 Ford Escape,"$53,694",Agate Black Metallic,https://www.carpages.ca/new-cars/british-columbia/abbotsford/2022-ford-escape-8757062/
448,,2022 Ford F-150,"$97,435",STAR WHITE METALLIC TRI-COAT,https://www.carpages.ca/new-cars/british-columbia/abbotsford/2022-ford-f-150-8757059/
449,,2022 Ford Escape,"$53,544",Iced Blue Silver Metallic,https://www.carpages.ca/new-cars/british-columbia/abbotsford/2022-ford-escape-8757032/
450,,2019 Ford Fusion,"$34,988",Gray,https://www.carpages.ca/used-cars/british-columbia/maple-ridge/2019-ford-fusion-8756990/
451,,2021 Toyota Camry,"$46,976",White,https://www.carpages.ca/used-cars/ontario/sudbury/2021-toyota-camry-8756864/
452,,2022 Tesla Model Y,"$109,886",Gray,https://www.carpages.ca/used-cars/british-columbia/abbotsford/2022-tesla-model-y-8756711/
453,,2022 Tesla Model Y,"$107,809",Black,https://www.carpages.ca/used-cars/british-columbia/abbotsford/2022-tesla-model-y-8756708/
454,,2021 Tesla Model 3,"$69,995",White,https://www.carpages.ca/used-cars/british-columbia/vancouver/2021-tesla-model-3-8755925/
455,,2021 Tesla Model Y,"$102,995",,https://www.carpages.ca/used-cars/british-columbia/abbotsford/2021-tesla-model-y-8755892/
456,,2019 BMW i8,"$164,995",E-Copper w/Frozen Grey Highlight,https://www.carpages.ca/used-cars/ontario/brampton/2019-bmw-i8-8755835/
457,,2021 Tesla Model Y,"$85,324",Solid Black,https://www.carpages.ca/used-cars/british-columbia/richmond/2021-tesla-model-y-8755745/
458,,2021 Jeep Wrangler,"$82,880",Black,https://www.carpages.ca/used-cars/british-columbia/surrey/2021-jeep-wrangler-8755715/
459,,2022 Ford Escape,"$42,494",Grey,https://www.carpages.ca/new-cars/alberta/peace-river/2022-ford-escape-8754851/
460,,2022 Hyundai Tucson Hybrid,"$49,999",,https://www.carpages.ca/new-cars/alberta/edmonton/2022-hyundai-tucson-hybrid-8754668/
461,,2022 Hyundai Tucson Hybrid,"$49,999",Grey,https://www.carpages.ca/new-cars/alberta/edmonton/2022-hyundai-tucson-hybrid-8754665/
462,,2020 Lexus UX,"$50,600",,https://www.carpages.ca/used-cars/british-columbia/surrey/2020-lexus-ux-8754047/
463,,2016 Toyota Highlander Hybrid,"$35,995",Black,https://www.carpages.ca/used-cars/ontario/guelph/2016-toyota-highlander-hybrid-8753387/
464,,2016 Chevrolet Malibu,"$19,999",White,https://www.carpages.ca/used-cars/ontario/st-catharines/2016-chevrolet-malibu-8753246/
465,,2022 Mercedes-Benz C-Class,"$64,680",Black,https://www.carpages.ca/new-cars/newfoundland-and-labrador/st-john-s/2022-mercedes-benz-c-class-8752781/
466,,2022 Jeep Grand Wagoneer,"$93,075",Luxury White Pearl,https://www.carpages.ca/new-cars/saskatchewan/saskatoon/2022-jeep-grand-wagoneer-8752730/
467,,2022 Ford F-150,"$79,055",White,https://www.carpages.ca/new-cars/ontario/tilbury/2022-ford-f-150-8752484/
468,,2019 RAM 1500,"$53,808",Gray,https://www.carpages.ca/used-cars/ontario/bolton/2019-ram-1500-8752244/
469,,2022 Ford F-150,"$62,855",White,https://www.carpages.ca/new-cars/alberta/lacombe/2022-ford-f-150-8751440/
470,,2022 Ford F-150,"$65,820",Blue,https://www.carpages.ca/new-cars/alberta/lacombe/2022-ford-f-150-8751428/
471,,2022 Mercedes-Benz C-Class,"$69,779",Graphite Grey Met,https://www.carpages.ca/new-cars/ontario/sudbury/2022-mercedes-benz-c-class-8751227/
472,,2020 Ford F-150,"$42,998",Agate Black,https://www.carpages.ca/used-cars/ontario/mississauga/2020-ford-f-150-8751146/
473,,2021 Ford F-150,"$81,998",Stone Grey Metallic,https://www.carpages.ca/used-cars/ontario/mississauga/2021-ford-f-150-8751143/
474,,2022 Ford F-150,"$83,529",Agate Black,https://www.carpages.ca/new-cars/manitoba/selkirk/2022-ford-f-150-8751095/
475,,2022 Ford F-150,"$78,804",Oxford White,https://www.carpages.ca/new-cars/manitoba/selkirk/2022-ford-f-150-8751080/
476,,2019 Toyota RAV4,"$51,989",Super White,https://www.carpages.ca/used-cars/ontario/nepean/2019-toyota-rav4-8751071/
477,,2022 Jeep Wrangler,"$78,000",Silver Zynith,https://www.carpages.ca/new-cars/british-columbia/surrey/2022-jeep-wrangler-8751005/
478,,2022 Jeep Wrangler,"$75,400",Black Clear Coat,https://www.carpages.ca/new-cars/british-columbia/surrey/2022-jeep-wrangler-8750996/
479,,2022 Chrysler Pacifica,"$70,300",Bright White,https://www.carpages.ca/new-cars/british-columbia/surrey/2022-chrysler-pacifica-8750990/
480,,2022 Tesla Model Y,"$102,986",White,https://www.carpages.ca/used-cars/quebec/saint-jean-sur-richelieu/2022-tesla-model-y-8750357/
481,,2022 Jeep Wrangler,"$70,965",Silver,https://www.carpages.ca/new-cars/alberta/peace-river/2022-jeep-wrangler-8749868/
482,,2022 Jeep Grand Wagoneer,"$92,075",White,https://www.carpages.ca/new-cars/alberta/edmonton/2022-jeep-grand-wagoneer-8749445/
483,,2022 RAM 1500,"$56,750",White,https://www.carpages.ca/new-cars/alberta/edmonton/2022-ram-1500-8749409/
484,,2022 Tesla Model Y,"$109,992",Pearl White Multi-Coat,https://www.carpages.ca/used-cars/manitoba/winnipeg/2022-tesla-model-y-8746199/
485,,2022 Tesla Model Y,"$108,992",Pearl White Multi-Coat,https://www.carpages.ca/used-cars/manitoba/winnipeg/2022-tesla-model-y-8746196/
486,,2021 Ford Escape,"$44,995",Grey,https://www.carpages.ca/used-cars/ontario/london/2021-ford-escape-8745899/
487,,2019 Tesla Model 3,"$62,700",Black,https://www.carpages.ca/used-cars/ontario/oakville/2019-tesla-model-3-8745281/
488,,2020 Tesla Model 3,"$74,950",White,https://www.carpages.ca/used-cars/ontario/oakville/2020-tesla-model-3-8745278/
489,,2010 Lexus RX 450h,"$17,888",Black,https://www.carpages.ca/used-cars/ontario/etobicoke/2010-lexus-rx-450h-8745053/
490,,2022 Ford F-150,"$100,005",Carbonized Grey Metallic,https://www.carpages.ca/new-cars/ontario/hagersville/2022-ford-f-150-8745011/
491,,2022 Ford F-150,"$62,070",White,https://www.carpages.ca/new-cars/british-columbia/surrey/2022-ford-f-150-8771105/
492,,2021 Toyota Prius,"$48,000",Magnetic Grey Metallic,https://www.carpages.ca/used-cars/ontario/waterloo/2021-toyota-prius-8771003/
493,,2010 Ford F-150,"$7,496",Red Candy Dual-Coat Metallic,https://www.carpages.ca/used-cars/ontario/mississauga/2010-ford-f-150-8770736/
494,,2012 Ford F-150,"$21,496",Sterling Grey Metallic,https://www.carpages.ca/used-cars/ontario/mississauga/2012-ford-f-150-8770730/
495,,2020 Kia Soul,"$39,998",Space Green [green],https://www.carpages.ca/used-cars/british-columbia/courtenay/2020-kia-soul-8770544/
496,,2021 Toyota RAV4,"$52,898",Black,https://www.carpages.ca/used-cars/ontario/ottawa/2021-toyota-rav4-8770295/
497,,2021 Tesla Model 3,"$71,995",Grey,https://www.carpages.ca/used-cars/ontario/clarington/2021-tesla-model-3-8770079/
498,,2019 Ford Fusion,"$28,190",Gray,https://www.carpages.ca/used-cars/nova-scotia/yarmouth/2019-ford-fusion-8769779/
499,,2020 Tesla Model 3,"$79,970",Solid Black,https://www.carpages.ca/used-cars/quebec/saint-hubert/2020-tesla-model-3-8769392/
500,,2021 Tesla Model X,"$165,910",Red Multi-Coat,https://www.carpages.ca/used-cars/ontario/vaughan/2021-tesla-model-x-8769359/
501,,2020 Tesla Model 3,"$74,888",White,https://www.carpages.ca/used-cars/manitoba/winnipeg/2020-tesla-model-3-8768636/
502,,2022 Nissan Leaf,"$48,991",Pearl White,https://www.carpages.ca/used-cars/manitoba/winnipeg/2022-nissan-leaf-8768582/
503,,2022 Ford F-150,"$91,675",Antimatter Blue Metallic,https://www.carpages.ca/new-cars/manitoba/winnipeg/2022-ford-f-150-8768468/
504,,2022 Hyundai Santa Fe,"$46,124",Grey,https://www.carpages.ca/new-cars/ontario/midland/2022-hyundai-santa-fe-8768168/
505,,2022 Hyundai Elantra,"$29,324",Cyber Grey,https://www.carpages.ca/new-cars/nova-scotia/port-hawkesbury/2022-hyundai-elantra-8767457/
506,,2022 RAM 1500,"$54,030",Bright White,https://www.carpages.ca/new-cars/saskatchewan/saskatoon/2022-ram-1500-8767265/
507,,2022 RAM 1500,"$74,375",Bright White,https://www.carpages.ca/new-cars/saskatchewan/saskatoon/2022-ram-1500-8767262/
508,,2021 Audi Q7,"$86,000",Orca Black Metallic,https://www.carpages.ca/used-cars/manitoba/winnipeg/2021-audi-q7-8767247/
509,,2018 Toyota RAV4,"$47,980",White,https://www.carpages.ca/used-cars/british-columbia/vancouver/2018-toyota-rav4-8766620/
510,,2022 Honda Accord,"$39,250",Platinum White Pearl,https://www.carpages.ca/new-cars/newfoundland-and-labrador/st-john-s/2022-honda-accord-8766434/
511,,2019 Ford Fusion,"$28,190",Gray,https://www.carpages.ca/used-cars/nova-scotia/dartmouth/2019-ford-fusion-8766200/
512,,2022 Ford MAVERICK,"$37,320",Carbonized Grey Metallic,https://www.carpages.ca/new-cars/saskatchewan/regina/2022-ford-maverick-8766059/
513,,2022 Ford Explorer,"$60,544",Agate Black Metallic,https://www.carpages.ca/new-cars/british-columbia/abbotsford/2022-ford-explorer-8765984/
514,,2019 Hyundai IONIQ,"$43,986",Polar White,https://www.carpages.ca/used-cars/quebec/saint-jean-sur-richelieu/2019-hyundai-ioniq-8765447/
515,,2022 Tesla Model Y,"$113,888",White,https://www.carpages.ca/used-cars/manitoba/winnipeg/2022-tesla-model-y-8764382/
516,,2022 Tesla Model Y,"$113,980",White,https://www.carpages.ca/used-cars/manitoba/winnipeg/2022-tesla-model-y-8764376/
517,,2021 Tesla Model Y,"$101,980",Gray,https://www.carpages.ca/used-cars/manitoba/winnipeg/2021-tesla-model-y-8764373/
518,,2021 Tesla Model Y,"$109,888",Black,https://www.carpages.ca/used-cars/manitoba/winnipeg/2021-tesla-model-y-8764367/
519,,2018 Tesla Model 3,"$76,980",MIDNIGHT SILVER,https://www.carpages.ca/used-cars/manitoba/winnipeg/2018-tesla-model-3-8764358/
520,,2016 BMW X5,"$43,995",White,https://www.carpages.ca/used-cars/ontario/north-york/2016-bmw-x5-8763674/
521,,2022 Tesla Model Y,"$104,995",White,https://www.carpages.ca/used-cars/ontario/scarborough/2022-tesla-model-y-8763623/
522,,2022 Ford F-150,"$76,200",Grey,https://www.carpages.ca/new-cars/manitoba/brandon/2022-ford-f-150-8763221/
523,,2022 Ford F-150,"$65,070",Red,https://www.carpages.ca/new-cars/manitoba/brandon/2022-ford-f-150-8763215/
524,,2022 RAM 1500,"$64,715",Flame red ClearCoat,https://www.carpages.ca/new-cars/saskatchewan/saskatoon/2022-ram-1500-8763197/
525,,2022 RAM 1500,"$65,660",Flame red ClearCoat,https://www.carpages.ca/new-cars/saskatchewan/saskatoon/2022-ram-1500-8763194/
526,,2021 Jeep Wrangler,"$63,995",Granite Crystal Metallic,https://www.carpages.ca/used-cars/ontario/mississauga/2021-jeep-wrangler-8761514/
527,,2017 Hyundai Ioniq Hybrid,"$27,500",Grey,https://www.carpages.ca/used-cars/british-columbia/port-moody/2017-hyundai-ioniq-hybrid-8761349/
528,,2022 Jeep Grand Wagoneer,"$98,465",Diamond Black Crystal Pearlcoat,https://www.carpages.ca/new-cars/saskatchewan/saskatoon/2022-jeep-grand-wagoneer-8761247/
529,,2022 Ford F-150,"$89,074",Rapid Red Metallic Tinted Clearcoat,https://www.carpages.ca/new-cars/manitoba/winnipeg/2022-ford-f-150-8761211/
530,,2022 Ford F-150,"$68,815",Antimatter Blue Metallic,https://www.carpages.ca/new-cars/british-columbia/fort-st-john/2022-ford-f-150-8761019/
531,,2017 Toyota Camry,"$31,498",Black,https://www.carpages.ca/used-cars/ontario/st-catharines/2017-toyota-camry-8760695/
532,,2018 Tesla Model S,"$96,589",Pearl White Multi-Coat,https://www.carpages.ca/used-cars/british-columbia/richmond/2018-tesla-model-s-8760401/
533,,2018 BMW X5,"$53,982",Alpine White,https://www.carpages.ca/used-cars/manitoba/winnipeg/2018-bmw-x5-8759648/
534,,2022 Tesla Model Y,"$108,888",White,https://www.carpages.ca/used-cars/ontario/north-york/2022-tesla-model-y-8759552/
535,,2022 Tesla Model Y,"$108,888",White,https://www.carpages.ca/used-cars/ontario/north-york/2022-tesla-model-y-8759549/
536,,2022 Tesla Model Y,"$108,888",Gray,https://www.carpages.ca/used-cars/ontario/north-york/2022-tesla-model-y-8759546/
537,,2020 Mitsubishi Outlander,"$49,900",Red,https://www.carpages.ca/used-cars/ontario/mississauga/2020-mitsubishi-outlander-8759444/
538,,2020 Toyota Highlander,"$69,995",Gray,https://www.carpages.ca/used-cars/british-columbia/abbotsford/2020-toyota-highlander-8759060/
539,,2017 Tesla Model X,"$86,950",Black,https://www.carpages.ca/used-cars/ontario/oakville/2017-tesla-model-x-8758916/
540,,2018 Ford Fusion,"$24,999",Black,https://www.carpages.ca/used-cars/ontario/kitchener/2018-ford-fusion-8758478/
541,,2022 Jeep Wrangler,"$73,275",FIRECRACKER RED,https://www.carpages.ca/new-cars/ontario/guelph/2022-jeep-wrangler-8757923/
542,,2015 Hyundai Sonata,"$19,988",Black,https://www.carpages.ca/used-cars/ontario/guelph/2015-hyundai-sonata-8757836/
543,,2022 Ford F-150,"$83,075",Agate Black,https://www.carpages.ca/new-cars/ontario/mississauga/2022-ford-f-150-8757353/
544,,2019 Ford F-150,"$62,998",White Platinum Metallic Tri-Coat,https://www.carpages.ca/used-cars/ontario/mississauga/2019-ford-f-150-8757089/
545,,2022 Ford Escape,"$53,694",Agate Black Metallic,https://www.carpages.ca/new-cars/british-columbia/abbotsford/2022-ford-escape-8757062/
546,,2022 Ford F-150,"$97,435",STAR WHITE METALLIC TRI-COAT,https://www.carpages.ca/new-cars/british-columbia/abbotsford/2022-ford-f-150-8757059/
547,,2022 Ford Escape,"$53,544",Iced Blue Silver Metallic,https://www.carpages.ca/new-cars/british-columbia/abbotsford/2022-ford-escape-8757032/
548,,2019 Ford Fusion,"$34,988",Gray,https://www.carpages.ca/used-cars/british-columbia/maple-ridge/2019-ford-fusion-8756990/
549,,2021 Toyota Camry,"$46,976",White,https://www.carpages.ca/used-cars/ontario/sudbury/2021-toyota-camry-8756864/
550,,2022 Tesla Model Y,"$109,886",Gray,https://www.carpages.ca/used-cars/british-columbia/abbotsford/2022-tesla-model-y-8756711/
551,,2022 Tesla Model Y,"$107,809",Black,https://www.carpages.ca/used-cars/british-columbia/abbotsford/2022-tesla-model-y-8756708/
552,,2021 Tesla Model 3,"$69,995",White,https://www.carpages.ca/used-cars/british-columbia/vancouver/2021-tesla-model-3-8755925/
553,,2021 Tesla Model Y,"$102,995",,https://www.carpages.ca/used-cars/british-columbia/abbotsford/2021-tesla-model-y-8755892/
554,,2019 BMW i8,"$164,995",E-Copper w/Frozen Grey Highlight,https://www.carpages.ca/used-cars/ontario/brampton/2019-bmw-i8-8755835/
555,,2021 Tesla Model Y,"$85,324",Solid Black,https://www.carpages.ca/used-cars/british-columbia/richmond/2021-tesla-model-y-8755745/
556,,2021 Jeep Wrangler,"$82,880",Black,https://www.carpages.ca/used-cars/british-columbia/surrey/2021-jeep-wrangler-8755715/
557,,2022 Ford Escape,"$42,494",Grey,https://www.carpages.ca/new-cars/alberta/peace-river/2022-ford-escape-8754851/
558,,2022 Hyundai Tucson Hybrid,"$49,999",,https://www.carpages.ca/new-cars/alberta/edmonton/2022-hyundai-tucson-hybrid-8754668/
559,,2022 Hyundai Tucson Hybrid,"$49,999",Grey,https://www.carpages.ca/new-cars/alberta/edmonton/2022-hyundai-tucson-hybrid-8754665/
560,,2020 Lexus UX,"$50,600",,https://www.carpages.ca/used-cars/british-columbia/surrey/2020-lexus-ux-8754047/
561,,2016 Toyota Highlander Hybrid,"$35,995",Black,https://www.carpages.ca/used-cars/ontario/guelph/2016-toyota-highlander-hybrid-8753387/
562,,2016 Chevrolet Malibu,"$19,999",White,https://www.carpages.ca/used-cars/ontario/st-catharines/2016-chevrolet-malibu-8753246/
563,,2022 Mercedes-Benz C-Class,"$64,680",Black,https://www.carpages.ca/new-cars/newfoundland-and-labrador/st-john-s/2022-mercedes-benz-c-class-8752781/
564,,2022 Jeep Grand Wagoneer,"$93,075",Luxury White Pearl,https://www.carpages.ca/new-cars/saskatchewan/saskatoon/2022-jeep-grand-wagoneer-8752730/
565,,2022 Ford F-150,"$79,055",White,https://www.carpages.ca/new-cars/ontario/tilbury/2022-ford-f-150-8752484/
566,,2019 RAM 1500,"$53,808",Gray,https://www.carpages.ca/used-cars/ontario/bolton/2019-ram-1500-8752244/
567,,2022 Ford F-150,"$62,855",White,https://www.carpages.ca/new-cars/alberta/lacombe/2022-ford-f-150-8751440/
568,,2022 Ford F-150,"$65,820",Blue,https://www.carpages.ca/new-cars/alberta/lacombe/2022-ford-f-150-8751428/
569,,2022 Mercedes-Benz C-Class,"$69,779",Graphite Grey Met,https://www.carpages.ca/new-cars/ontario/sudbury/2022-mercedes-benz-c-class-8751227/
570,,2020 Ford F-150,"$42,998",Agate Black,https://www.carpages.ca/used-cars/ontario/mississauga/2020-ford-f-150-8751146/
571,,2021 Ford F-150,"$81,998",Stone Grey Metallic,https://www.carpages.ca/used-cars/ontario/mississauga/2021-ford-f-150-8751143/
572,,2022 Ford F-150,"$83,529",Agate Black,https://www.carpages.ca/new-cars/manitoba/selkirk/2022-ford-f-150-8751095/
573,,2022 Ford F-150,"$78,804",Oxford White,https://www.carpages.ca/new-cars/manitoba/selkirk/2022-ford-f-150-8751080/
574,,2019 Toyota RAV4,"$51,989",Super White,https://www.carpages.ca/used-cars/ontario/nepean/2019-toyota-rav4-8751071/
575,,2022 Jeep Wrangler,"$78,000",Silver Zynith,https://www.carpages.ca/new-cars/british-columbia/surrey/2022-jeep-wrangler-8751005/
576,,2022 Jeep Wrangler,"$75,400",Black Clear Coat,https://www.carpages.ca/new-cars/british-columbia/surrey/2022-jeep-wrangler-8750996/
577,,2022 Chrysler Pacifica,"$70,300",Bright White,https://www.carpages.ca/new-cars/british-columbia/surrey/2022-chrysler-pacifica-8750990/
578,,2022 Tesla Model Y,"$102,986",White,https://www.carpages.ca/used-cars/quebec/saint-jean-sur-richelieu/2022-tesla-model-y-8750357/
579,,2022 Jeep Wrangler,"$70,965",Silver,https://www.carpages.ca/new-cars/alberta/peace-river/2022-jeep-wrangler-8749868/
580,,2022 Jeep Grand Wagoneer,"$92,075",White,https://www.carpages.ca/new-cars/alberta/edmonton/2022-jeep-grand-wagoneer-8749445/
581,,2022 RAM 1500,"$56,750",White,https://www.carpages.ca/new-cars/alberta/edmonton/2022-ram-1500-8749409/
582,,2022 Tesla Model Y,"$109,992",Pearl White Multi-Coat,https://www.carpages.ca/used-cars/manitoba/winnipeg/2022-tesla-model-y-8746199/
583,,2022 Tesla Model Y,"$108,992",Pearl White Multi-Coat,https://www.carpages.ca/used-cars/manitoba/winnipeg/2022-tesla-model-y-8746196/
584,,2021 Ford Escape,"$44,995",Grey,https://www.carpages.ca/used-cars/ontario/london/2021-ford-escape-8745899/
585,,2019 Tesla Model 3,"$62,700",Black,https://www.carpages.ca/used-cars/ontario/oakville/2019-tesla-model-3-8745281/
586,,2020 Tesla Model 3,"$74,950",White,https://www.carpages.ca/used-cars/ontario/oakville/2020-tesla-model-3-8745278/
587,,2010 Lexus RX 450h,"$17,888",Black,https://www.carpages.ca/used-cars/ontario/etobicoke/2010-lexus-rx-450h-8745053/
588,,2022 Ford F-150,"$100,005",Carbonized Grey Metallic,https://www.carpages.ca/new-cars/ontario/hagersville/2022-ford-f-150-8745011/
589,,2022 Ford F-150,"$62,070",White,https://www.carpages.ca/new-cars/british-columbia/surrey/2022-ford-f-150-8771105/
590,,2021 Toyota Prius,"$48,000",Magnetic Grey Metallic,https://www.carpages.ca/used-cars/ontario/waterloo/2021-toyota-prius-8771003/
591,,2010 Ford F-150,"$7,496",Red Candy Dual-Coat Metallic,https://www.carpages.ca/used-cars/ontario/mississauga/2010-ford-f-150-8770736/
592,,2012 Ford F-150,"$21,496",Sterling Grey Metallic,https://www.carpages.ca/used-cars/ontario/mississauga/2012-ford-f-150-8770730/
593,,2020 Kia Soul,"$39,998",Space Green [green],https://www.carpages.ca/used-cars/british-columbia/courtenay/2020-kia-soul-8770544/
594,,2021 Toyota RAV4,"$52,898",Black,https://www.carpages.ca/used-cars/ontario/ottawa/2021-toyota-rav4-8770295/
595,,2021 Tesla Model 3,"$71,995",Grey,https://www.carpages.ca/used-cars/ontario/clarington/2021-tesla-model-3-8770079/
596,,2019 Ford Fusion,"$28,190",Gray,https://www.carpages.ca/used-cars/nova-scotia/yarmouth/2019-ford-fusion-8769779/
597,,2020 Tesla Model 3,"$79,970",Solid Black,https://www.carpages.ca/used-cars/quebec/saint-hubert/2020-tesla-model-3-8769392/
598,,2021 Tesla Model X,"$165,910",Red Multi-Coat,https://www.carpages.ca/used-cars/ontario/vaughan/2021-tesla-model-x-8769359/
599,,2020 Tesla Model 3,"$74,888",White,https://www.carpages.ca/used-cars/manitoba/winnipeg/2020-tesla-model-3-8768636/
600,,2022 Nissan Leaf,"$48,991",Pearl White,https://www.carpages.ca/used-cars/manitoba/winnipeg/2022-nissan-leaf-8768582/
601,,2022 Ford F-150,"$91,675",Antimatter Blue Metallic,https://www.carpages.ca/new-cars/manitoba/winnipeg/2022-ford-f-150-8768468/
602,,2022 Hyundai Santa Fe,"$46,124",Grey,https://www.carpages.ca/new-cars/ontario/midland/2022-hyundai-santa-fe-8768168/
603,,2022 Hyundai Elantra,"$29,324",Cyber Grey,https://www.carpages.ca/new-cars/nova-scotia/port-hawkesbury/2022-hyundai-elantra-8767457/
604,,2022 RAM 1500,"$54,030",Bright White,https://www.carpages.ca/new-cars/saskatchewan/saskatoon/2022-ram-1500-8767265/
605,,2022 RAM 1500,"$74,375",Bright White,https://www.carpages.ca/new-cars/saskatchewan/saskatoon/2022-ram-1500-8767262/
606,,2021 Audi Q7,"$86,000",Orca Black Metallic,https://www.carpages.ca/used-cars/manitoba/winnipeg/2021-audi-q7-8767247/
607,,2018 Toyota RAV4,"$47,980",White,https://www.carpages.ca/used-cars/british-columbia/vancouver/2018-toyota-rav4-8766620/
608,,2022 Honda Accord,"$39,250",Platinum White Pearl,https://www.carpages.ca/new-cars/newfoundland-and-labrador/st-john-s/2022-honda-accord-8766434/
609,,2019 Ford Fusion,"$28,190",Gray,https://www.carpages.ca/used-cars/nova-scotia/dartmouth/2019-ford-fusion-8766200/
610,,2022 Ford MAVERICK,"$37,320",Carbonized Grey Metallic,https://www.carpages.ca/new-cars/saskatchewan/regina/2022-ford-maverick-8766059/
611,,2022 Ford Explorer,"$60,544",Agate Black Metallic,https://www.carpages.ca/new-cars/british-columbia/abbotsford/2022-ford-explorer-8765984/
612,,2019 Hyundai IONIQ,"$43,986",Polar White,https://www.carpages.ca/used-cars/quebec/saint-jean-sur-richelieu/2019-hyundai-ioniq-8765447/
613,,2022 Tesla Model Y,"$113,888",White,https://www.carpages.ca/used-cars/manitoba/winnipeg/2022-tesla-model-y-8764382/
614,,2022 Tesla Model Y,"$113,980",White,https://www.carpages.ca/used-cars/manitoba/winnipeg/2022-tesla-model-y-8764376/
615,,2021 Tesla Model Y,"$101,980",Gray,https://www.carpages.ca/used-cars/manitoba/winnipeg/2021-tesla-model-y-8764373/
616,,2021 Tesla Model Y,"$109,888",Black,https://www.carpages.ca/used-cars/manitoba/winnipeg/2021-tesla-model-y-8764367/
617,,2018 Tesla Model 3,"$76,980",MIDNIGHT SILVER,https://www.carpages.ca/used-cars/manitoba/winnipeg/2018-tesla-model-3-8764358/
618,,2016 BMW X5,"$43,995",White,https://www.carpages.ca/used-cars/ontario/north-york/2016-bmw-x5-8763674/
619,,2022 Tesla Model Y,"$104,995",White,https://www.carpages.ca/used-cars/ontario/scarborough/2022-tesla-model-y-8763623/
620,,2022 Ford F-150,"$76,200",Grey,https://www.carpages.ca/new-cars/manitoba/brandon/2022-ford-f-150-8763221/
621,,2022 Ford F-150,"$65,070",Red,https://www.carpages.ca/new-cars/manitoba/brandon/2022-ford-f-150-8763215/
622,,2022 RAM 1500,"$64,715",Flame red ClearCoat,https://www.carpages.ca/new-cars/saskatchewan/saskatoon/2022-ram-1500-8763197/
623,,2022 RAM 1500,"$65,660",Flame red ClearCoat,https://www.carpages.ca/new-cars/saskatchewan/saskatoon/2022-ram-1500-8763194/
624,,2021 Jeep Wrangler,"$63,995",Granite Crystal Metallic,https://www.carpages.ca/used-cars/ontario/mississauga/2021-jeep-wrangler-8761514/
625,,2017 Hyundai Ioniq Hybrid,"$27,500",Grey,https://www.carpages.ca/used-cars/british-columbia/port-moody/2017-hyundai-ioniq-hybrid-8761349/
626,,2022 Jeep Grand Wagoneer,"$98,465",Diamond Black Crystal Pearlcoat,https://www.carpages.ca/new-cars/saskatchewan/saskatoon/2022-jeep-grand-wagoneer-8761247/
627,,2022 Ford F-150,"$89,074",Rapid Red Metallic Tinted Clearcoat,https://www.carpages.ca/new-cars/manitoba/winnipeg/2022-ford-f-150-8761211/
628,,2022 Ford F-150,"$68,815",Antimatter Blue Metallic,https://www.carpages.ca/new-cars/british-columbia/fort-st-john/2022-ford-f-150-8761019/
629,,2017 Toyota Camry,"$31,498",Black,https://www.carpages.ca/used-cars/ontario/st-catharines/2017-toyota-camry-8760695/
630,,2018 Tesla Model S,"$96,589",Pearl White Multi-Coat,https://www.carpages.ca/used-cars/british-columbia/richmond/2018-tesla-model-s-8760401/
631,,2018 BMW X5,"$53,982",Alpine White,https://www.carpages.ca/used-cars/manitoba/winnipeg/2018-bmw-x5-8759648/
632,,2022 Tesla Model Y,"$108,888",White,https://www.carpages.ca/used-cars/ontario/north-york/2022-tesla-model-y-8759552/
633,,2022 Tesla Model Y,"$108,888",White,https://www.carpages.ca/used-cars/ontario/north-york/2022-tesla-model-y-8759549/
634,,2022 Tesla Model Y,"$108,888",Gray,https://www.carpages.ca/used-cars/ontario/north-york/2022-tesla-model-y-8759546/
635,,2020 Mitsubishi Outlander,"$49,900",Red,https://www.carpages.ca/used-cars/ontario/mississauga/2020-mitsubishi-outlander-8759444/
636,,2020 Toyota Highlander,"$69,995",Gray,https://www.carpages.ca/used-cars/british-columbia/abbotsford/2020-toyota-highlander-8759060/
637,,2017 Tesla Model X,"$86,950",Black,https://www.carpages.ca/used-cars/ontario/oakville/2017-tesla-model-x-8758916/
638,,2018 Ford Fusion,"$24,999",Black,https://www.carpages.ca/used-cars/ontario/kitchener/2018-ford-fusion-8758478/
639,,2022 Jeep Wrangler,"$73,275",FIRECRACKER RED,https://www.carpages.ca/new-cars/ontario/guelph/2022-jeep-wrangler-8757923/
640,,2015 Hyundai Sonata,"$19,988",Black,https://www.carpages.ca/used-cars/ontario/guelph/2015-hyundai-sonata-8757836/
641,,2022 Ford F-150,"$83,075",Agate Black,https://www.carpages.ca/new-cars/ontario/mississauga/2022-ford-f-150-8757353/
642,,2019 Ford F-150,"$62,998",White Platinum Metallic Tri-Coat,https://www.carpages.ca/used-cars/ontario/mississauga/2019-ford-f-150-8757089/
643,,2022 Ford Escape,"$53,694",Agate Black Metallic,https://www.carpages.ca/new-cars/british-columbia/abbotsford/2022-ford-escape-8757062/
644,,2022 Ford F-150,"$97,435",STAR WHITE METALLIC TRI-COAT,https://www.carpages.ca/new-cars/british-columbia/abbotsford/2022-ford-f-150-8757059/
645,,2022 Ford Escape,"$53,544",Iced Blue Silver Metallic,https://www.carpages.ca/new-cars/british-columbia/abbotsford/2022-ford-escape-8757032/
646,,2019 Ford Fusion,"$34,988",Gray,https://www.carpages.ca/used-cars/british-columbia/maple-ridge/2019-ford-fusion-8756990/
647,,2021 Toyota Camry,"$46,976",White,https://www.carpages.ca/used-cars/ontario/sudbury/2021-toyota-camry-8756864/
648,,2022 Tesla Model Y,"$109,886",Gray,https://www.carpages.ca/used-cars/british-columbia/abbotsford/2022-tesla-model-y-8756711/
649,,2022 Tesla Model Y,"$107,809",Black,https://www.carpages.ca/used-cars/british-columbia/abbotsford/2022-tesla-model-y-8756708/
650,,2021 Tesla Model 3,"$69,995",White,https://www.carpages.ca/used-cars/british-columbia/vancouver/2021-tesla-model-3-8755925/
651,,2021 Tesla Model Y,"$102,995",,https://www.carpages.ca/used-cars/british-columbia/abbotsford/2021-tesla-model-y-8755892/
652,,2019 BMW i8,"$164,995",E-Copper w/Frozen Grey Highlight,https://www.carpages.ca/used-cars/ontario/brampton/2019-bmw-i8-8755835/
653,,2021 Tesla Model Y,"$85,324",Solid Black,https://www.carpages.ca/used-cars/british-columbia/richmond/2021-tesla-model-y-8755745/
654,,2021 Jeep Wrangler,"$82,880",Black,https://www.carpages.ca/used-cars/british-columbia/surrey/2021-jeep-wrangler-8755715/
655,,2022 Ford Escape,"$42,494",Grey,https://www.carpages.ca/new-cars/alberta/peace-river/2022-ford-escape-8754851/
656,,2022 Hyundai Tucson Hybrid,"$49,999",,https://www.carpages.ca/new-cars/alberta/edmonton/2022-hyundai-tucson-hybrid-8754668/
657,,2022 Hyundai Tucson Hybrid,"$49,999",Grey,https://www.carpages.ca/new-cars/alberta/edmonton/2022-hyundai-tucson-hybrid-8754665/
658,,2020 Lexus UX,"$50,600",,https://www.carpages.ca/used-cars/british-columbia/surrey/2020-lexus-ux-8754047/
659,,2016 Toyota Highlander Hybrid,"$35,995",Black,https://www.carpages.ca/used-cars/ontario/guelph/2016-toyota-highlander-hybrid-8753387/
660,,2016 Chevrolet Malibu,"$19,999",White,https://www.carpages.ca/used-cars/ontario/st-catharines/2016-chevrolet-malibu-8753246/
661,,2022 Mercedes-Benz C-Class,"$64,680",Black,https://www.carpages.ca/new-cars/newfoundland-and-labrador/st-john-s/2022-mercedes-benz-c-class-8752781/
662,,2022 Jeep Grand Wagoneer,"$93,075",Luxury White Pearl,https://www.carpages.ca/new-cars/saskatchewan/saskatoon/2022-jeep-grand-wagoneer-8752730/
663,,2022 Ford F-150,"$79,055",White,https://www.carpages.ca/new-cars/ontario/tilbury/2022-ford-f-150-8752484/
664,,2019 RAM 1500,"$53,808",Gray,https://www.carpages.ca/used-cars/ontario/bolton/2019-ram-1500-8752244/
665,,2022 Ford F-150,"$62,855",White,https://www.carpages.ca/new-cars/alberta/lacombe/2022-ford-f-150-8751440/
666,,2022 Ford F-150,"$65,820",Blue,https://www.carpages.ca/new-cars/alberta/lacombe/2022-ford-f-150-8751428/
667,,2022 Mercedes-Benz C-Class,"$69,779",Graphite Grey Met,https://www.carpages.ca/new-cars/ontario/sudbury/2022-mercedes-benz-c-class-8751227/
668,,2020 Ford F-150,"$42,998",Agate Black,https://www.carpages.ca/used-cars/ontario/mississauga/2020-ford-f-150-8751146/
669,,2021 Ford F-150,"$81,998",Stone Grey Metallic,https://www.carpages.ca/used-cars/ontario/mississauga/2021-ford-f-150-8751143/
670,,2022 Ford F-150,"$83,529",Agate Black,https://www.carpages.ca/new-cars/manitoba/selkirk/2022-ford-f-150-8751095/
671,,2022 Ford F-150,"$78,804",Oxford White,https://www.carpages.ca/new-cars/manitoba/selkirk/2022-ford-f-150-8751080/
672,,2019 Toyota RAV4,"$51,989",Super White,https://www.carpages.ca/used-cars/ontario/nepean/2019-toyota-rav4-8751071/
673,,2022 Jeep Wrangler,"$78,000",Silver Zynith,https://www.carpages.ca/new-cars/british-columbia/surrey/2022-jeep-wrangler-8751005/
674,,2022 Jeep Wrangler,"$75,400",Black Clear Coat,https://www.carpages.ca/new-cars/british-columbia/surrey/2022-jeep-wrangler-8750996/
675,,2022 Chrysler Pacifica,"$70,300",Bright White,https://www.carpages.ca/new-cars/british-columbia/surrey/2022-chrysler-pacifica-8750990/
676,,2022 Tesla Model Y,"$102,986",White,https://www.carpages.ca/used-cars/quebec/saint-jean-sur-richelieu/2022-tesla-model-y-8750357/
677,,2022 Jeep Wrangler,"$70,965",Silver,https://www.carpages.ca/new-cars/alberta/peace-river/2022-jeep-wrangler-8749868/
678,,2022 Jeep Grand Wagoneer,"$92,075",White,https://www.carpages.ca/new-cars/alberta/edmonton/2022-jeep-grand-wagoneer-8749445/
679,,2022 RAM 1500,"$56,750",White,https://www.carpages.ca/new-cars/alberta/edmonton/2022-ram-1500-8749409/
680,,2022 Tesla Model Y,"$109,992",Pearl White Multi-Coat,https://www.carpages.ca/used-cars/manitoba/winnipeg/2022-tesla-model-y-8746199/
681,,2022 Tesla Model Y,"$108,992",Pearl White Multi-Coat,https://www.carpages.ca/used-cars/manitoba/winnipeg/2022-tesla-model-y-8746196/
682,,2021 Ford Escape,"$44,995",Grey,https://www.carpages.ca/used-cars/ontario/london/2021-ford-escape-8745899/
683,,2019 Tesla Model 3,"$62,700",Black,https://www.carpages.ca/used-cars/ontario/oakville/2019-tesla-model-3-8745281/
684,,2020 Tesla Model 3,"$74,950",White,https://www.carpages.ca/used-cars/ontario/oakville/2020-tesla-model-3-8745278/
685,,2010 Lexus RX 450h,"$17,888",Black,https://www.carpages.ca/used-cars/ontario/etobicoke/2010-lexus-rx-450h-8745053/
686,,2022 Ford F-150,"$100,005",Carbonized Grey Metallic,https://www.carpages.ca/new-cars/ontario/hagersville/2022-ford-f-150-8745011/
687,,2022 Ford F-150,"$62,070",White,https://www.carpages.ca/new-cars/british-columbia/surrey/2022-ford-f-150-8771105/
688,,2021 Toyota Prius,"$48,000",Magnetic Grey Metallic,https://www.carpages.ca/used-cars/ontario/waterloo/2021-toyota-prius-8771003/
689,,2010 Ford F-150,"$7,496",Red Candy Dual-Coat Metallic,https://www.carpages.ca/used-cars/ontario/mississauga/2010-ford-f-150-8770736/
690,,2012 Ford F-150,"$21,496",Sterling Grey Metallic,https://www.carpages.ca/used-cars/ontario/mississauga/2012-ford-f-150-8770730/
691,,2020 Kia Soul,"$39,998",Space Green [green],https://www.carpages.ca/used-cars/british-columbia/courtenay/2020-kia-soul-8770544/
692,,2021 Toyota RAV4,"$52,898",Black,https://www.carpages.ca/used-cars/ontario/ottawa/2021-toyota-rav4-8770295/
693,,2021 Tesla Model 3,"$71,995",Grey,https://www.carpages.ca/used-cars/ontario/clarington/2021-tesla-model-3-8770079/
694,,2019 Ford Fusion,"$28,190",Gray,https://www.carpages.ca/used-cars/nova-scotia/yarmouth/2019-ford-fusion-8769779/
695,,2020 Tesla Model 3,"$79,970",Solid Black,https://www.carpages.ca/used-cars/quebec/saint-hubert/2020-tesla-model-3-8769392/
696,,2021 Tesla Model X,"$165,910",Red Multi-Coat,https://www.carpages.ca/used-cars/ontario/vaughan/2021-tesla-model-x-8769359/
697,,2020 Tesla Model 3,"$74,888",White,https://www.carpages.ca/used-cars/manitoba/winnipeg/2020-tesla-model-3-8768636/
698,,2022 Nissan Leaf,"$48,991",Pearl White,https://www.carpages.ca/used-cars/manitoba/winnipeg/2022-nissan-leaf-8768582/
699,,2022 Ford F-150,"$91,675",Antimatter Blue Metallic,https://www.carpages.ca/new-cars/manitoba/winnipeg/2022-ford-f-150-8768468/
700,,2022 Hyundai Santa Fe,"$46,124",Grey,https://www.carpages.ca/new-cars/ontario/midland/2022-hyundai-santa-fe-8768168/
701,,2022 Hyundai Elantra,"$29,324",Cyber Grey,https://www.carpages.ca/new-cars/nova-scotia/port-hawkesbury/2022-hyundai-elantra-8767457/
702,,2022 RAM 1500,"$54,030",Bright White,https://www.carpages.ca/new-cars/saskatchewan/saskatoon/2022-ram-1500-8767265/
703,,2022 RAM 1500,"$74,375",Bright White,https://www.carpages.ca/new-cars/saskatchewan/saskatoon/2022-ram-1500-8767262/
704,,2021 Audi Q7,"$86,000",Orca Black Metallic,https://www.carpages.ca/used-cars/manitoba/winnipeg/2021-audi-q7-8767247/
705,,2018 Toyota RAV4,"$47,980",White,https://www.carpages.ca/used-cars/british-columbia/vancouver/2018-toyota-rav4-8766620/
706,,2022 Honda Accord,"$39,250",Platinum White Pearl,https://www.carpages.ca/new-cars/newfoundland-and-labrador/st-john-s/2022-honda-accord-8766434/
707,,2019 Ford Fusion,"$28,190",Gray,https://www.carpages.ca/used-cars/nova-scotia/dartmouth/2019-ford-fusion-8766200/
708,,2022 Ford MAVERICK,"$37,320",Carbonized Grey Metallic,https://www.carpages.ca/new-cars/saskatchewan/regina/2022-ford-maverick-8766059/
709,,2022 Ford Explorer,"$60,544",Agate Black Metallic,https://www.carpages.ca/new-cars/british-columbia/abbotsford/2022-ford-explorer-8765984/
710,,2019 Hyundai IONIQ,"$43,986",Polar White,https://www.carpages.ca/used-cars/quebec/saint-jean-sur-richelieu/2019-hyundai-ioniq-8765447/
711,,2022 Tesla Model Y,"$113,888",White,https://www.carpages.ca/used-cars/manitoba/winnipeg/2022-tesla-model-y-8764382/
712,,2022 Tesla Model Y,"$113,980",White,https://www.carpages.ca/used-cars/manitoba/winnipeg/2022-tesla-model-y-8764376/
713,,2021 Tesla Model Y,"$101,980",Gray,https://www.carpages.ca/used-cars/manitoba/winnipeg/2021-tesla-model-y-8764373/
714,,2021 Tesla Model Y,"$109,888",Black,https://www.carpages.ca/used-cars/manitoba/winnipeg/2021-tesla-model-y-8764367/
715,,2018 Tesla Model 3,"$76,980",MIDNIGHT SILVER,https://www.carpages.ca/used-cars/manitoba/winnipeg/2018-tesla-model-3-8764358/
716,,2016 BMW X5,"$43,995",White,https://www.carpages.ca/used-cars/ontario/north-york/2016-bmw-x5-8763674/
717,,2022 Tesla Model Y,"$104,995",White,https://www.carpages.ca/used-cars/ontario/scarborough/2022-tesla-model-y-8763623/
718,,2022 Ford F-150,"$76,200",Grey,https://www.carpages.ca/new-cars/manitoba/brandon/2022-ford-f-150-8763221/
719,,2022 Ford F-150,"$65,070",Red,https://www.carpages.ca/new-cars/manitoba/brandon/2022-ford-f-150-8763215/
720,,2022 RAM 1500,"$64,715",Flame red ClearCoat,https://www.carpages.ca/new-cars/saskatchewan/saskatoon/2022-ram-1500-8763197/
721,,2022 RAM 1500,"$65,660",Flame red ClearCoat,https://www.carpages.ca/new-cars/saskatchewan/saskatoon/2022-ram-1500-8763194/
722,,2021 Jeep Wrangler,"$63,995",Granite Crystal Metallic,https://www.carpages.ca/used-cars/ontario/mississauga/2021-jeep-wrangler-8761514/
723,,2017 Hyundai Ioniq Hybrid,"$27,500",Grey,https://www.carpages.ca/used-cars/british-columbia/port-moody/2017-hyundai-ioniq-hybrid-8761349/
724,,2022 Jeep Grand Wagoneer,"$98,465",Diamond Black Crystal Pearlcoat,https://www.carpages.ca/new-cars/saskatchewan/saskatoon/2022-jeep-grand-wagoneer-8761247/
725,,2022 Ford F-150,"$89,074",Rapid Red Metallic Tinted Clearcoat,https://www.carpages.ca/new-cars/manitoba/winnipeg/2022-ford-f-150-8761211/
726,,2022 Ford F-150,"$68,815",Antimatter Blue Metallic,https://www.carpages.ca/new-cars/british-columbia/fort-st-john/2022-ford-f-150-8761019/
727,,2017 Toyota Camry,"$31,498",Black,https://www.carpages.ca/used-cars/ontario/st-catharines/2017-toyota-camry-8760695/
728,,2018 Tesla Model S,"$96,589",Pearl White Multi-Coat,https://www.carpages.ca/used-cars/british-columbia/richmond/2018-tesla-model-s-8760401/
729,,2018 BMW X5,"$53,982",Alpine White,https://www.carpages.ca/used-cars/manitoba/winnipeg/2018-bmw-x5-8759648/
730,,2022 Tesla Model Y,"$108,888",White,https://www.carpages.ca/used-cars/ontario/north-york/2022-tesla-model-y-8759552/
731,,2022 Tesla Model Y,"$108,888",White,https://www.carpages.ca/used-cars/ontario/north-york/2022-tesla-model-y-8759549/
732,,2022 Tesla Model Y,"$108,888",Gray,https://www.carpages.ca/used-cars/ontario/north-york/2022-tesla-model-y-8759546/
733,,2020 Mitsubishi Outlander,"$49,900",Red,https://www.carpages.ca/used-cars/ontario/mississauga/2020-mitsubishi-outlander-8759444/
734,,2020 Toyota Highlander,"$69,995",Gray,https://www.carpages.ca/used-cars/british-columbia/abbotsford/2020-toyota-highlander-8759060/
735,,2017 Tesla Model X,"$86,950",Black,https://www.carpages.ca/used-cars/ontario/oakville/2017-tesla-model-x-8758916/
